"","date","CARJAMN","CROWGMN","FREEBMN","KANDIMN","NOBLEMN","NWRCCMN","RAADCMN","SHERBMN","WAJAIMN"
"1",2022-10-01,1,0,18,71,0,0,0,4,0
"2",2022-10-02,1,0,18,71,0,0,0,4,0
"3",2022-10-03,3,0,18,72,0,0,0,4,0
"4",2022-10-04,2,0,18,80,0,1,0,4,0
"5",2022-10-05,0,0,20,80,0,2,0,4,0
"6",2022-10-06,0,0,16,71,0,2,0,3,0
"7",2022-10-07,0,0,16,71,0,0,0,3,0
"8",2022-10-08,0,0,16,70,0,0,0,3,0
"9",2022-10-09,0,0,16,70,0,0,0,3,0
"10",2022-10-10,1,0,16,70,0,0,0,3,2
"11",2022-10-11,2,0,18,73,0,0,0,3,2
"12",2022-10-12,1,0,18,78,0,0,0,3,0
"13",2022-10-13,0,0,18,77,0,1,0,3,0
"14",2022-10-14,0,0,17,81,0,1,0,3,0
"15",2022-10-15,0,0,17,81,0,0,0,3,0
"16",2022-10-16,0,0,17,81,0,0,0,3,0
"17",2022-10-17,0,0,18,81,0,0,0,3,0
"18",2022-10-18,0,0,18,82,0,0,0,3,1
"19",2022-10-19,0,0,18,90,0,0,0,3,1
"20",2022-10-20,0,0,13,78,0,0,0,3,0
"21",2022-10-21,0,0,15,73,0,0,0,3,0
"22",2022-10-22,0,0,15,73,0,0,0,3,0
"23",2022-10-23,0,0,15,73,0,0,0,3,0
"24",2022-10-24,0,0,17,73,0,0,0,3,0
"25",2022-10-25,0,0,16,72,0,0,0,3,0
"26",2022-10-26,0,0,16,72,0,0,0,3,0
"27",2022-10-27,0,0,16,77,0,0,0,3,0
"28",2022-10-28,0,0,16,79,0,0,0,3,0
"29",2022-10-29,1,0,16,79,0,0,0,3,0
"30",2022-10-30,1,0,16,79,0,0,0,3,0
"31",2022-10-31,1,0,18,81,0,0,0,3,0
"32",2022-11-01,0,0,19,79,0,1,0,3,0
"33",2022-11-02,0,0,19,80,0,1,0,3,0
"34",2022-11-03,0,0,15,74,0,1,0,3,0
"35",2022-11-04,0,0,15,74,0,0,0,3,0
"36",2022-11-05,0,0,14,72,0,0,0,3,0
"37",2022-11-06,0,0,14,72,0,0,0,3,0
"38",2022-11-07,1,0,14,75,0,0,0,3,2
"39",2022-11-08,1,0,18,77,0,0,0,3,2
"40",2022-11-09,0,0,17,79,0,0,0,3,0
"41",2022-11-10,0,0,17,82,0,0,0,3,0
"42",2022-11-11,0,0,17,82,0,0,0,3,0
"43",2022-11-12,0,0,17,82,0,0,0,3,0
"44",2022-11-13,0,0,17,88,0,2,0,3,0
"45",2022-11-14,0,0,17,91,0,2,0,3,0
"46",2022-11-15,0,0,21,90,0,2,0,3,0
"47",2022-11-16,1,0,21,90,0,2,0,3,0
"48",2022-11-17,1,0,18,74,0,0,0,2,0
"49",2022-11-18,1,0,19,75,0,3,0,2,0
"50",2022-11-19,1,0,18,73,0,3,0,1,0
"51",2022-11-20,1,0,18,73,0,3,0,1,0
"52",2022-11-21,1,0,21,79,0,3,0,1,0
"53",2022-11-22,0,0,21,82,0,0,0,1,0
"54",2022-11-23,0,0,21,83,0,0,0,1,0
"55",2022-11-24,0,0,20,82,0,0,0,1,0
"56",2022-11-25,0,0,20,83,0,0,0,1,0
"57",2022-11-26,0,0,20,83,0,0,0,1,0
"58",2022-11-27,0,0,20,83,0,0,0,1,0
"59",2022-11-28,1,0,20,87,0,0,0,1,1
"60",2022-11-29,1,0,20,86,0,0,0,1,1
"61",2022-11-30,0,0,21,81,0,1,0,1,0
"62",2022-12-01,0,0,13,69,0,2,0,1,0
"63",2022-12-02,0,0,13,72,0,2,0,1,0
"64",2022-12-03,0,0,13,71,0,0,0,1,0
"65",2022-12-04,0,0,13,71,0,0,0,1,0
"66",2022-12-05,0,0,13,72,0,4,0,1,0
"67",2022-12-06,0,0,14,76,0,5,0,1,0
"68",2022-12-07,0,0,14,77,0,1,0,1,0
"69",2022-12-08,0,0,15,79,0,1,0,1,1
"70",2022-12-09,0,0,17,79,0,0,0,1,1
"71",2022-12-10,0,0,17,78,0,0,0,1,0
"72",2022-12-11,0,0,17,78,0,1,0,1,0
"73",2022-12-12,0,0,17,83,0,1,0,1,0
"74",2022-12-13,0,0,17,85,0,0,0,1,0
"75",2022-12-14,0,0,17,84,0,0,0,1,0
"76",2022-12-15,0,0,17,84,0,0,0,1,0
"77",2022-12-16,0,0,12,70,0,0,0,1,0
"78",2022-12-17,0,0,11,66,0,0,0,1,0
"79",2022-12-18,0,0,11,66,0,0,0,1,0
"80",2022-12-19,0,0,11,69,0,4,0,1,0
"81",2022-12-20,0,0,10,78,0,4,0,1,0
"82",2022-12-21,0,0,10,77,0,0,0,1,0
"83",2022-12-22,0,0,10,77,0,0,0,1,0
"84",2022-12-23,0,0,10,77,0,0,0,1,0
"85",2022-12-24,0,0,10,77,0,0,0,1,0
"86",2022-12-25,0,0,10,77,0,0,0,1,0
"87",2022-12-26,0,0,10,77,0,0,0,1,0
"88",2022-12-27,0,0,10,83,0,0,0,1,0
"89",2022-12-28,0,0,10,85,0,0,0,1,1
"90",2022-12-29,0,0,8,81,0,0,0,1,1
"91",2022-12-30,0,0,8,84,1,0,0,1,0
"92",2022-12-31,0,0,7,83,1,0,0,1,0
"93",2023-01-01,0,0,7,83,1,0,0,1,0
"94",2023-01-02,1,0,7,83,1,0,0,1,0
"95",2023-01-03,3,0,6,83,1,0,0,1,1
"96",2023-01-04,3,0,6,82,1,0,0,1,1
"97",2023-01-05,3,0,11,83,2,0,0,1,1
"98",2023-01-06,0,0,13,86,1,0,0,1,1
"99",2023-01-07,0,0,13,85,0,0,0,1,0
"100",2023-01-08,0,0,13,85,0,0,0,1,0
"101",2023-01-09,0,0,17,86,0,0,0,1,0
"102",2023-01-10,0,0,17,87,0,0,0,1,0
"103",2023-01-11,0,0,17,87,0,0,0,1,0
"104",2023-01-12,0,0,13,71,0,0,0,1,0
"105",2023-01-13,0,0,15,73,0,1,0,1,0
"106",2023-01-14,0,0,15,73,0,0,0,1,0
"107",2023-01-15,0,0,15,73,0,0,0,1,0
"108",2023-01-16,0,0,15,73,0,0,0,1,0
"109",2023-01-17,0,0,16,74,0,0,0,1,0
"110",2023-01-18,1,0,17,73,0,2,0,1,0
"111",2023-01-19,1,0,17,75,0,2,0,3,1
"112",2023-01-20,0,0,18,79,0,3,0,3,1
"113",2023-01-21,0,0,18,78,0,1,0,3,0
"114",2023-01-22,1,0,18,78,0,1,0,3,0
"115",2023-01-23,1,0,18,82,0,1,0,3,1
"116",2023-01-24,0,0,18,85,0,0,0,3,1
"117",2023-01-25,0,0,18,85,0,0,0,3,0
"118",2023-01-26,0,0,13,67,0,0,0,3,0
"119",2023-01-27,0,0,13,66,0,1,0,3,0
"120",2023-01-28,0,0,13,65,0,1,0,3,0
"121",2023-01-29,0,0,13,66,0,1,0,3,0
"122",2023-01-30,0,0,14,70,0,0,0,3,0
"123",2023-01-31,0,0,14,70,0,0,0,3,0
"124",2023-02-01,0,0,14,72,0,0,0,3,0
"125",2023-02-02,0,0,14,75,0,0,0,3,1
"126",2023-02-03,0,0,14,77,0,0,0,3,1
"127",2023-02-04,0,0,13,74,0,0,0,3,0
"128",2023-02-05,0,0,13,74,0,0,0,3,0
"129",2023-02-06,0,0,13,74,0,0,0,3,0
"130",2023-02-07,0,0,13,75,0,1,0,3,0
"131",2023-02-08,0,0,15,74,0,6,0,3,1
"132",2023-02-09,0,0,14,63,0,6,0,3,1
"133",2023-02-10,0,0,14,69,0,6,0,3,0
"134",2023-02-11,0,0,14,69,0,0,0,3,0
"135",2023-02-12,0,0,14,69,0,0,0,3,0
"136",2023-02-13,2,0,14,69,0,0,0,3,0
"137",2023-02-14,2,0,16,69,0,2,0,3,0
"138",2023-02-15,0,0,19,72,0,2,0,3,0
"139",2023-02-16,0,0,24,73,0,2,0,3,0
"140",2023-02-17,0,0,31,75,0,2,0,3,0
"141",2023-02-18,0,0,31,75,0,0,0,3,0
"142",2023-02-19,0,0,31,75,0,0,0,3,0
"143",2023-02-20,0,0,31,75,0,0,0,3,0
"144",2023-02-21,1,0,32,77,0,0,0,3,0
"145",2023-02-22,1,0,33,74,0,0,0,3,0
"146",2023-02-23,0,0,27,64,0,0,0,3,0
"147",2023-02-24,0,0,28,68,0,0,0,3,0
"148",2023-02-25,0,0,28,68,0,0,0,3,0
"149",2023-02-26,0,0,28,68,0,0,0,3,0
"150",2023-02-27,0,0,28,74,0,0,0,3,0
"151",2023-02-28,0,0,29,76,0,1,0,3,0
"152",2023-03-01,0,0,29,81,0,1,0,3,0
"153",2023-03-02,0,0,29,82,0,1,0,3,0
"154",2023-03-03,0,0,31,80,0,0,0,3,0
"155",2023-03-04,0,0,31,80,0,0,0,3,0
"156",2023-03-05,0,0,31,80,0,0,0,3,0
"157",2023-03-06,0,0,31,80,0,0,0,3,1
"158",2023-03-07,0,0,35,81,0,0,0,3,1
"159",2023-03-08,0,0,37,81,0,0,0,3,0
"160",2023-03-09,0,0,33,65,0,0,0,3,0
"161",2023-03-10,0,0,34,66,0,0,0,3,0
"162",2023-03-11,0,0,34,65,0,0,0,3,0
"163",2023-03-12,0,0,34,65,0,0,0,3,0
"164",2023-03-13,0,0,34,67,0,0,0,3,0
"165",2023-03-14,0,0,34,67,0,0,0,3,0
"166",2023-03-15,0,0,34,69,0,0,0,3,0
"167",2023-03-16,0,0,34,70,0,0,0,3,0
"168",2023-03-17,0,0,36,72,0,0,0,3,1
"169",2023-03-18,0,0,36,72,0,0,0,3,1
"170",2023-03-19,0,0,36,72,0,0,0,3,1
"171",2023-03-20,0,0,40,72,0,0,0,3,1
"172",2023-03-21,0,0,41,73,0,0,0,3,0
"173",2023-03-22,0,0,42,73,0,0,0,3,0
"174",2023-03-23,0,0,32,62,0,0,0,3,0
"175",2023-03-24,0,0,34,59,0,0,0,3,0
"176",2023-03-25,0,0,34,59,0,0,0,3,0
"177",2023-03-26,0,0,34,59,0,0,0,3,0
"178",2023-03-27,0,0,34,65,0,0,0,3,0
"179",2023-03-28,0,0,36,63,0,0,0,3,0
"180",2023-03-29,0,0,36,63,0,0,0,3,0
"181",2023-03-30,0,0,36,63,0,0,0,3,0
"182",2023-03-31,0,0,38,63,0,0,0,3,0
"183",2023-04-01,0,0,38,63,0,0,0,3,0
"184",2023-04-02,0,0,38,63,0,0,0,3,0
"185",2023-04-03,0,0,45,66,0,0,0,3,0
"186",2023-04-04,0,0,45,70,0,0,0,3,1
"187",2023-04-05,0,0,44,71,0,0,0,3,1
"188",2023-04-06,0,0,27,64,0,0,0,3,0
"189",2023-04-07,0,0,28,64,0,0,0,3,0
"190",2023-04-08,0,0,28,65,0,0,0,3,0
"191",2023-04-09,0,0,28,65,0,0,0,3,0
"192",2023-04-10,0,0,28,65,0,0,0,3,0
"193",2023-04-11,0,0,30,67,0,0,0,3,0
"194",2023-04-12,0,0,31,68,0,0,0,3,0
"195",2023-04-13,0,0,31,69,0,0,0,3,0
"196",2023-04-14,0,0,31,70,0,0,0,3,0
"197",2023-04-15,0,0,30,70,0,0,0,3,0
"198",2023-04-16,0,0,30,70,0,0,0,3,0
"199",2023-04-17,0,0,35,70,0,1,0,3,0
"200",2023-04-18,0,0,35,71,0,2,0,3,1
"201",2023-04-19,0,0,35,83,0,3,0,3,1
"202",2023-04-20,0,0,29,70,0,2,0,3,1
"203",2023-04-21,0,0,36,74,0,2,0,3,2
"204",2023-04-22,0,0,35,73,0,0,0,3,1
"205",2023-04-23,0,0,35,73,0,0,0,3,1
"206",2023-04-24,0,0,35,81,0,0,0,3,1
"207",2023-04-25,0,0,36,81,0,0,0,3,1
"208",2023-04-26,0,0,38,81,0,0,0,3,1
"209",2023-04-27,0,0,39,82,0,0,0,3,0
"210",2023-04-28,0,0,40,83,0,0,0,3,0
"211",2023-04-29,0,0,40,83,0,0,0,3,0
"212",2023-04-30,0,0,40,83,0,0,0,3,0
"213",2023-05-01,0,0,42,83,0,0,0,3,0
"214",2023-05-02,0,0,41,86,0,0,0,3,1
"215",2023-05-03,0,0,42,88,0,0,0,3,1
"216",2023-05-04,0,0,42,88,0,0,0,3,0
"217",2023-05-05,0,0,42,91,0,0,0,3,0
"218",2023-05-06,0,0,42,91,0,3,0,3,0
"219",2023-05-07,0,0,42,91,0,3,0,3,0
"220",2023-05-08,0,0,45,99,0,3,0,3,0
"221",2023-05-09,0,0,49,99,0,0,0,3,0
"222",2023-05-10,0,0,49,105,0,1,0,3,3
"223",2023-05-11,0,0,29,81,0,1,0,3,4
"224",2023-05-12,0,0,32,100,0,1,0,3,1
"225",2023-05-13,0,0,31,100,0,0,0,3,0
"226",2023-05-14,0,0,31,100,0,0,0,3,0
"227",2023-05-15,0,0,32,100,0,0,0,3,0
"228",2023-05-16,0,0,33,101,0,0,0,3,0
"229",2023-05-17,0,0,35,100,0,2,0,3,0
"230",2023-05-18,0,0,37,100,0,2,0,3,0
"231",2023-05-19,0,0,38,102,0,2,0,2,0
"232",2023-05-20,0,0,38,101,0,0,0,2,0
"233",2023-05-21,0,0,38,101,0,0,0,2,0
"234",2023-05-22,0,0,39,103,0,0,0,2,0
"235",2023-05-23,0,0,40,103,0,0,0,3,0
"236",2023-05-24,0,0,40,102,0,0,0,3,0
"237",2023-05-25,0,0,25,76,0,0,0,2,0
"238",2023-05-26,0,0,25,76,0,0,0,2,0
"239",2023-05-27,0,0,25,76,0,0,0,2,0
"240",2023-05-28,0,0,25,76,0,0,0,2,1
"241",2023-05-29,0,0,25,80,0,0,0,2,1
"242",2023-05-30,0,0,28,89,0,0,0,2,1
"243",2023-05-31,0,0,27,89,0,0,0,2,0
"244",2023-06-01,0,0,27,93,0,0,0,2,1
"245",2023-06-02,0,0,30,93,0,0,0,2,1
"246",2023-06-03,0,0,30,93,0,0,0,2,1
"247",2023-06-04,0,0,30,93,0,0,0,2,1
"248",2023-06-05,0,0,33,94,0,1,0,2,1
"249",2023-06-06,0,0,36,94,0,1,0,2,1
"250",2023-06-07,0,0,37,95,0,1,0,2,1
"251",2023-06-08,0,0,29,71,0,1,0,2,0
"252",2023-06-09,0,0,31,71,0,2,0,2,0
"253",2023-06-10,0,0,31,71,0,2,0,1,0
"254",2023-06-11,0,0,31,71,0,2,0,1,0
"255",2023-06-12,0,0,31,78,0,2,0,1,1
"256",2023-06-13,0,0,34,81,0,0,0,1,1
"257",2023-06-14,0,0,35,77,0,0,0,1,1
"258",2023-06-15,0,0,38,81,0,0,0,1,1
"259",2023-06-16,0,0,41,81,0,0,0,1,0
"260",2023-06-17,0,0,41,81,0,0,0,1,0
"261",2023-06-18,0,0,41,81,0,0,0,1,0
"262",2023-06-19,0,0,41,81,0,0,0,1,0
"263",2023-06-20,0,0,41,83,0,0,0,1,0
"264",2023-06-21,0,0,41,83,0,0,0,1,0
"265",2023-06-22,0,0,28,71,0,0,0,1,0
"266",2023-06-23,0,0,28,74,0,0,0,1,0
"267",2023-06-24,0,0,28,74,0,0,0,1,0
"268",2023-06-25,0,0,28,74,0,0,0,1,0
"269",2023-06-26,0,0,29,79,0,0,0,1,1
"270",2023-06-27,0,0,31,79,0,0,0,1,1
"271",2023-06-28,0,0,33,80,0,0,0,1,0
"272",2023-06-29,0,0,33,81,0,0,0,1,1
"273",2023-06-30,0,0,35,83,0,0,0,1,1
"274",2023-07-01,0,0,35,83,0,0,0,1,0
"275",2023-07-02,0,0,35,83,0,0,0,1,0
"276",2023-07-03,0,0,35,87,0,0,0,1,0
"277",2023-07-04,0,0,35,87,0,0,0,1,0
"278",2023-07-05,0,0,35,92,0,0,0,1,3
"279",2023-07-06,0,0,36,94,0,0,0,1,4
"280",2023-07-07,0,0,36,98,0,0,0,1,1
"281",2023-07-08,0,0,36,93,0,2,0,1,0
"282",2023-07-09,0,0,36,95,0,2,0,1,0
"283",2023-07-10,0,0,37,96,0,0,0,1,0
"284",2023-07-11,0,0,40,96,0,0,0,1,0
"285",2023-07-12,0,0,30,80,0,0,0,1,1
"286",2023-07-13,0,0,30,85,0,0,0,1,1
"287",2023-07-14,0,0,30,90,0,0,0,1,0
"288",2023-07-15,0,0,30,90,0,0,0,1,0
"289",2023-07-16,0,0,30,90,0,0,0,1,0
"290",2023-07-17,0,0,30,96,0,0,0,1,0
"291",2023-07-18,0,0,30,94,0,0,0,1,0
"292",2023-07-19,0,0,32,94,0,0,0,1,1
"293",2023-07-20,0,0,32,98,0,0,0,1,2
"294",2023-07-21,0,0,32,104,0,0,0,1,1
"295",2023-07-22,0,0,33,104,0,0,0,1,0
"296",2023-07-23,0,0,33,104,0,0,0,1,0
"297",2023-07-24,0,0,33,104,0,1,0,1,2
"298",2023-07-25,0,0,33,113,0,1,0,1,6
"299",2023-07-26,0,0,33,119,0,0,0,1,5
"300",2023-07-27,0,0,22,102,0,1,0,1,1
"301",2023-07-28,0,0,23,105,0,1,0,1,0
"302",2023-07-29,0,0,23,105,0,0,0,1,0
"303",2023-07-30,0,0,23,105,0,0,0,1,0
"304",2023-07-31,0,0,24,106,0,0,0,1,0
"305",2023-08-01,0,0,25,108,0,0,0,1,0
"306",2023-08-02,0,0,25,113,0,0,0,1,0
"307",2023-08-03,0,0,26,111,0,0,0,1,0
"308",2023-08-04,0,0,27,115,0,0,0,1,0
"309",2023-08-05,0,0,27,115,0,0,0,1,0
"310",2023-08-06,0,0,27,116,0,0,0,1,0
"311",2023-08-07,0,0,29,118,0,0,0,1,0
"312",2023-08-08,0,0,27,119,0,0,0,1,0
"313",2023-08-09,0,0,29,119,0,0,0,2,1
"314",2023-08-10,0,0,28,91,0,0,0,2,1
"315",2023-08-11,0,0,33,95,0,0,0,1,1
"316",2023-08-12,0,0,32,95,0,0,0,1,1
"317",2023-08-13,0,0,32,95,0,0,0,1,1
"318",2023-08-14,0,0,34,95,0,0,0,1,1
"319",2023-08-15,0,0,33,96,0,0,0,1,0
"320",2023-08-16,0,0,33,100,0,0,0,1,0
"321",2023-08-17,0,0,32,102,0,0,0,1,0
"322",2023-08-18,0,0,33,102,0,0,0,1,0
"323",2023-08-19,0,0,33,102,0,0,0,1,0
"324",2023-08-20,0,0,33,102,0,0,0,1,0
"325",2023-08-21,0,0,33,103,0,0,0,1,0
"326",2023-08-22,0,0,33,103,0,0,0,1,0
"327",2023-08-23,0,0,33,103,0,0,0,1,0
"328",2023-08-24,0,0,21,87,0,0,0,1,0
"329",2023-08-25,0,0,21,88,0,0,0,1,0
"330",2023-08-26,0,0,21,88,0,0,0,1,0
"331",2023-08-27,0,0,21,88,0,0,0,1,0
"332",2023-08-28,0,0,21,90,0,0,0,1,1
"333",2023-08-29,0,0,23,89,0,0,0,1,2
"334",2023-08-30,0,0,24,88,0,0,0,1,1
"335",2023-08-31,0,0,24,87,0,1,0,1,0
"336",2023-09-01,0,0,24,91,0,1,0,1,0
"337",2023-09-02,0,0,24,91,0,0,0,1,0
"338",2023-09-03,0,0,24,94,0,0,0,1,0
"339",2023-09-04,0,0,24,94,0,0,0,1,0
"340",2023-09-05,0,0,25,95,0,5,0,1,1
"341",2023-09-06,0,0,28,102,0,5,0,1,1
"342",2023-09-07,0,0,29,101,0,0,0,1,0
"343",2023-09-08,0,0,29,101,0,0,0,1,0
"344",2023-09-09,0,0,29,101,0,0,0,1,0
"345",2023-09-10,0,0,29,101,0,0,0,1,0
"346",2023-09-11,0,0,30,104,0,0,0,1,0
"347",2023-09-12,0,0,30,104,0,0,0,1,0
"348",2023-09-13,0,0,32,107,0,0,0,1,0
"349",2023-09-14,0,0,22,80,0,0,0,1,0
"350",2023-09-15,0,0,22,81,0,0,0,1,0
"351",2023-09-16,0,0,22,80,0,0,0,1,0
"352",2023-09-17,0,0,22,80,0,0,0,1,0
"353",2023-09-18,0,0,23,83,0,0,0,1,0
"354",2023-09-19,0,0,24,83,0,0,0,1,0
"355",2023-09-20,0,0,24,83,0,0,0,1,0
"356",2023-09-21,0,0,24,83,0,0,0,1,0
"357",2023-09-22,0,0,26,95,0,0,0,1,0
"358",2023-09-23,0,0,26,99,0,0,0,1,0
"359",2023-09-24,0,0,26,99,0,0,0,1,1
"360",2023-09-25,0,0,29,102,0,0,0,1,1
"361",2023-09-26,0,0,32,103,0,0,0,1,0
"362",2023-09-27,0,0,35,108,0,0,0,1,0
"363",2023-09-28,0,0,36,119,0,0,0,1,0
"364",2023-09-29,0,0,35,127,0,0,0,1,0
"365",2023-09-30,0,0,35,126,0,0,0,1,0
"366",2023-10-01,0,0,35,126,0,2,0,1,0
"367",2023-10-02,0,0,36,126,0,2,0,1,0
"368",2023-10-03,0,0,36,131,0,2,0,1,1
"369",2023-10-04,0,0,45,134,0,0,0,1,1
"370",2023-10-05,0,0,34,97,0,0,0,1,0
"371",2023-10-06,0,0,34,102,0,0,0,1,0
"372",2023-10-07,0,0,34,102,0,0,0,1,0
"373",2023-10-08,0,0,34,102,0,1,0,1,0
"374",2023-10-09,0,0,34,102,0,1,0,1,1
"375",2023-10-10,0,0,35,103,0,1,0,1,2
"376",2023-10-11,0,0,36,108,0,1,0,1,1
"377",2023-10-12,0,0,35,106,0,0,0,1,0
"378",2023-10-13,0,0,38,106,0,0,0,1,0
"379",2023-10-14,0,0,38,106,0,0,0,1,0
"380",2023-10-15,0,0,38,106,0,0,0,1,0
"381",2023-10-16,0,0,39,114,0,0,0,1,0
"382",2023-10-17,0,0,41,113,0,0,0,1,0
"383",2023-10-18,0,0,43,112,0,0,0,1,0
"384",2023-10-19,0,0,43,109,0,0,0,1,0
"385",2023-10-20,0,0,44,109,0,0,0,1,0
"386",2023-10-21,0,0,44,109,0,0,0,1,0
"387",2023-10-22,0,0,44,109,0,0,0,1,0
"388",2023-10-23,0,0,44,111,0,0,0,1,0
"389",2023-10-24,0,0,43,119,0,0,0,1,0
"390",2023-10-25,0,0,44,119,0,0,0,1,0
"391",2023-10-26,0,0,29,71,0,0,0,1,0
"392",2023-10-27,0,0,28,70,0,0,0,1,0
"393",2023-10-28,0,0,28,70,0,0,0,1,0
"394",2023-10-29,0,0,28,70,0,0,0,1,0
"395",2023-10-30,0,0,28,73,0,0,0,1,0
"396",2023-10-31,0,0,27,77,0,0,0,1,0
"397",2023-11-01,0,0,27,77,0,0,0,1,0
"398",2023-11-02,0,0,28,78,0,0,0,1,0
"399",2023-11-03,0,0,27,84,0,2,0,1,0
"400",2023-11-04,0,0,27,84,0,2,0,1,0
"401",2023-11-05,0,0,27,84,0,2,0,1,0
"402",2023-11-06,0,0,29,88,0,2,0,1,0
"403",2023-11-07,0,0,31,88,0,0,0,1,0
"404",2023-11-08,0,0,30,95,0,0,0,1,1
"405",2023-11-09,0,0,31,94,0,0,0,1,1
"406",2023-11-10,0,0,32,94,0,0,0,1,0
"407",2023-11-11,0,0,32,94,0,0,0,1,0
"408",2023-11-12,0,0,32,94,0,0,0,1,0
"409",2023-11-13,0,0,33,96,0,0,0,1,0
"410",2023-11-14,0,0,32,99,0,0,0,1,0
"411",2023-11-15,0,0,35,96,0,1,0,1,0
"412",2023-11-16,0,0,30,73,0,1,0,2,1
"413",2023-11-17,0,0,30,72,0,1,0,2,1
"414",2023-11-18,0,0,29,71,0,0,0,2,0
"415",2023-11-19,0,0,29,71,0,0,0,2,0
"416",2023-11-20,0,0,30,71,0,0,0,2,1
"417",2023-11-21,0,0,31,72,0,0,0,1,1
"418",2023-11-22,0,0,32,72,0,0,0,1,1
"419",2023-11-23,0,0,32,72,0,0,0,1,1
"420",2023-11-24,0,0,35,73,0,0,0,1,1
"421",2023-11-25,0,0,35,72,0,0,0,1,0
"422",2023-11-26,0,0,35,72,0,0,0,1,0
"423",2023-11-27,0,0,35,73,0,0,0,1,1
"424",2023-11-28,0,0,36,73,0,0,0,1,1
"425",2023-11-29,0,0,36,79,0,1,0,1,1
"426",2023-11-30,0,0,38,81,0,0,0,1,1
"427",2023-12-01,0,0,39,80,0,1,0,1,0
"428",2023-12-02,0,0,39,80,0,1,0,1,0
"429",2023-12-03,0,0,39,80,0,1,0,1,0
"430",2023-12-04,0,0,41,84,0,4,0,1,2
"431",2023-12-05,0,0,46,82,0,4,0,1,2
"432",2023-12-06,0,0,47,88,0,4,0,1,0
"433",2023-12-07,0,0,36,64,0,0,0,1,0
"434",2023-12-08,0,0,34,65,0,0,0,1,0
"435",2023-12-09,0,0,33,65,0,0,0,1,0
"436",2023-12-10,0,0,33,65,0,0,0,1,1
"437",2023-12-11,0,0,37,66,0,0,0,1,1
"438",2023-12-12,0,0,36,68,0,0,0,1,0
"439",2023-12-13,0,0,35,68,0,1,0,1,0
"440",2023-12-14,0,0,35,72,0,1,0,1,0
"441",2023-12-15,0,0,36,72,0,0,0,1,0
"442",2023-12-16,0,0,36,72,0,0,0,1,0
"443",2023-12-17,0,0,36,72,0,0,0,1,0
"444",2023-12-18,0,0,36,73,0,0,0,1,0
"445",2023-12-19,0,0,37,73,0,0,0,1,0
"446",2023-12-20,0,0,40,71,0,0,0,1,0
"447",2023-12-21,0,0,40,73,0,0,0,1,2
"448",2023-12-22,0,0,39,80,0,0,0,1,3
"449",2023-12-23,0,0,39,79,0,0,0,1,1
"450",2023-12-24,0,0,39,79,0,0,0,1,1
"451",2023-12-25,0,0,39,79,0,0,0,1,1
"452",2023-12-26,0,0,39,81,0,0,0,1,1
"453",2023-12-27,0,0,39,81,0,0,0,1,0
"454",2023-12-28,0,0,38,79,0,0,0,1,1
"455",2023-12-29,0,0,38,82,0,0,0,1,1
"456",2023-12-30,0,0,38,82,0,0,0,1,0
"457",2023-12-31,0,0,38,82,0,0,0,1,0
"458",2024-01-01,0,0,38,82,0,0,0,1,0
"459",2024-01-02,0,0,38,84,0,0,0,1,0
"460",2024-01-03,0,0,42,85,0,0,0,1,1
"461",2024-01-04,0,0,22,55,0,0,0,1,1
"462",2024-01-05,0,0,22,59,0,0,0,1,2
"463",2024-01-06,0,0,22,59,0,0,0,1,0
"464",2024-01-07,0,0,22,59,0,0,0,1,0
"465",2024-01-08,0,0,22,61,0,0,0,1,0
"466",2024-01-09,0,0,22,62,0,0,0,1,0
"467",2024-01-10,0,0,22,63,0,0,0,1,1
"468",2024-01-11,0,0,23,63,0,0,0,1,1
"469",2024-01-12,0,0,23,63,0,0,0,1,1
"470",2024-01-13,0,0,23,61,0,0,0,1,1
"471",2024-01-14,0,0,23,61,0,0,0,1,1
"472",2024-01-15,0,0,23,61,0,0,0,1,1
"473",2024-01-16,0,0,23,63,0,0,0,1,0
"474",2024-01-17,0,0,30,63,0,0,0,1,0
"475",2024-01-18,0,0,30,66,0,0,0,1,0
"476",2024-01-19,0,0,30,66,0,0,0,1,0
"477",2024-01-20,0,0,30,66,0,0,0,1,1
"478",2024-01-21,0,0,30,66,0,0,0,1,1
"479",2024-01-22,0,0,30,67,0,1,0,1,1
"480",2024-01-23,0,0,30,70,0,1,0,1,0
"481",2024-01-24,0,0,30,70,0,1,0,1,0
"482",2024-01-25,0,0,26,55,0,1,0,1,1
"483",2024-01-26,0,0,31,55,0,0,0,1,1
"484",2024-01-27,0,0,31,55,0,0,0,1,0
"485",2024-01-28,0,0,31,55,0,0,0,1,0
"486",2024-01-29,0,0,35,58,0,0,0,1,0
"487",2024-01-30,0,0,35,61,0,0,0,1,0
"488",2024-01-31,0,0,35,60,0,0,0,1,0
"489",2024-02-01,0,0,35,67,0,1,0,1,0
"490",2024-02-02,0,0,37,68,0,1,0,1,0
"491",2024-02-03,0,0,35,68,0,0,0,1,0
"492",2024-02-04,0,0,35,68,0,0,0,1,0
"493",2024-02-05,0,0,38,68,0,0,0,1,0
"494",2024-02-06,0,0,41,69,0,0,0,1,0
"495",2024-02-07,0,0,40,71,0,1,0,1,0
"496",2024-02-08,0,0,44,74,0,1,0,1,0
"497",2024-02-09,0,0,43,75,0,0,0,1,0
"498",2024-02-10,0,0,43,75,0,0,0,1,0
"499",2024-02-11,0,0,43,75,0,0,0,1,0
"500",2024-02-12,0,0,43,77,0,0,0,1,0
"501",2024-02-13,0,0,45,81,0,0,0,1,0
"502",2024-02-14,0,0,45,84,0,0,0,1,1
"503",2024-02-15,0,0,37,66,0,1,0,1,2
"504",2024-02-16,0,0,41,69,0,1,0,1,0
"505",2024-02-17,0,0,41,69,0,0,0,1,0
"506",2024-02-18,0,0,41,70,0,0,0,1,0
"507",2024-02-19,0,0,41,70,0,0,0,1,0
"508",2024-02-20,0,0,43,70,0,0,0,1,0
"509",2024-02-21,0,0,44,70,0,0,0,1,0
"510",2024-02-22,0,0,46,70,0,0,0,1,0
"511",2024-02-23,0,0,46,72,0,0,0,1,0
"512",2024-02-24,0,0,46,72,0,0,0,1,0
"513",2024-02-25,0,0,46,72,0,0,0,1,0
"514",2024-02-26,0,0,47,77,0,0,0,1,0
"515",2024-02-27,0,0,48,77,0,0,0,1,0
"516",2024-02-28,0,0,49,80,0,0,0,1,1
"517",2024-02-29,0,0,51,81,0,0,0,1,1
"518",2024-03-01,0,0,50,84,0,0,0,1,0
"519",2024-03-02,0,0,50,84,0,0,0,1,0
"520",2024-03-03,0,0,50,84,0,0,0,1,0
"521",2024-03-04,0,0,50,84,0,0,0,1,0
"522",2024-03-05,0,0,50,85,0,0,0,1,0
"523",2024-03-06,0,0,51,86,0,0,0,1,0
"524",2024-03-07,0,0,42,69,0,0,0,1,0
"525",2024-03-08,0,0,42,70,0,0,0,1,0
"526",2024-03-09,0,0,42,70,0,0,0,1,0
"527",2024-03-10,0,0,42,71,0,0,0,1,0
"528",2024-03-11,0,0,42,72,0,0,0,1,0
"529",2024-03-12,0,0,43,72,0,1,0,1,0
"530",2024-03-13,0,0,43,71,0,1,0,1,0
"531",2024-03-14,0,0,43,78,0,1,0,1,0
"532",2024-03-15,0,0,42,82,0,0,0,1,0
"533",2024-03-16,0,0,42,82,0,0,0,1,0
"534",2024-03-17,0,0,42,82,0,0,0,1,0
"535",2024-03-18,0,0,42,86,0,0,0,1,0
"536",2024-03-19,0,0,42,87,0,0,0,1,1
"537",2024-03-20,0,0,43,88,0,0,0,1,1
"538",2024-03-21,0,0,48,91,0,0,0,1,0
"539",2024-03-22,0,0,49,94,0,0,0,1,0
"540",2024-03-23,0,0,49,94,0,0,0,1,0
"541",2024-03-24,0,0,49,94,0,0,0,1,0
"542",2024-03-25,0,0,51,95,0,0,0,1,0
"543",2024-03-26,0,0,51,96,0,0,0,1,0
"544",2024-03-27,0,0,52,102,0,0,0,1,0
"545",2024-03-28,0,0,40,85,0,0,0,1,0
"546",2024-03-29,0,0,40,86,0,0,0,1,0
"547",2024-03-30,0,0,40,86,0,0,0,1,0
"548",2024-03-31,0,0,40,86,0,0,0,1,0
"549",2024-04-01,0,0,41,87,0,0,0,1,0
"550",2024-04-02,0,0,45,87,0,0,0,1,2
"551",2024-04-03,0,0,44,98,0,0,0,1,2
"552",2024-04-04,0,0,46,101,0,0,0,1,0
"553",2024-04-05,0,0,46,107,0,0,0,1,0
"554",2024-04-06,0,0,46,106,0,0,0,1,0
"555",2024-04-07,0,0,46,106,0,0,0,1,0
"556",2024-04-08,0,0,47,106,0,0,0,1,2
"557",2024-04-09,0,0,50,112,0,0,0,1,2
"558",2024-04-10,0,0,50,112,0,0,0,1,0
"559",2024-04-11,0,0,55,112,0,0,0,1,1
"560",2024-04-12,0,0,59,113,0,0,0,1,1
"561",2024-04-13,0,0,59,114,0,0,0,1,0
"562",2024-04-14,0,0,59,114,0,0,0,1,0
"563",2024-04-15,0,0,60,118,0,0,0,1,0
"564",2024-04-16,0,0,64,120,0,0,0,1,0
"565",2024-04-17,0,0,63,122,0,0,0,1,1
"566",2024-04-18,0,0,46,103,0,0,0,1,1
"567",2024-04-19,0,0,48,108,0,0,0,1,0
"568",2024-04-20,0,0,48,108,0,0,0,1,0
"569",2024-04-21,0,0,48,108,0,0,0,1,0
"570",2024-04-22,0,0,48,109,0,0,0,1,1
"571",2024-04-23,0,0,53,113,0,0,0,1,1
"572",2024-04-24,0,0,52,111,0,0,0,1,0
"573",2024-04-25,0,0,53,116,0,0,0,1,0
"574",2024-04-26,0,0,54,114,0,0,0,1,0
"575",2024-04-27,0,0,54,113,0,0,0,1,0
"576",2024-04-28,0,0,54,113,0,0,0,1,0
"577",2024-04-29,0,0,54,113,0,0,0,1,0
"578",2024-04-30,0,0,52,115,0,0,0,1,1
"579",2024-05-01,0,0,54,115,0,0,0,1,2
"580",2024-05-02,0,0,55,124,0,0,0,1,1
"581",2024-05-03,0,0,55,121,0,0,0,1,0
"582",2024-05-04,0,0,56,123,0,0,0,1,0
"583",2024-05-05,0,0,56,123,0,0,0,1,0
"584",2024-05-06,0,0,57,129,0,0,0,1,3
"585",2024-05-07,0,0,60,134,0,0,0,1,3
"586",2024-05-08,0,0,60,138,0,0,0,1,1
"587",2024-05-09,0,0,40,116,0,0,0,1,1
"588",2024-05-10,0,0,41,122,0,0,0,1,0
"589",2024-05-11,0,0,41,120,0,0,0,1,0
"590",2024-05-12,0,0,41,120,0,0,0,1,0
"591",2024-05-13,0,0,44,120,0,0,0,1,0
"592",2024-05-14,0,0,44,122,0,0,0,1,0
"593",2024-05-15,0,0,42,121,0,0,0,1,0
"594",2024-05-16,0,0,46,122,0,0,0,1,1
"595",2024-05-17,0,0,47,121,0,0,0,1,1
"596",2024-05-18,0,0,47,120,0,0,0,1,0
"597",2024-05-19,0,0,48,120,0,0,0,1,0
"598",2024-05-20,0,0,49,120,0,0,0,1,1
"599",2024-05-21,0,0,51,129,0,0,0,1,1
"600",2024-05-22,0,0,51,129,0,0,0,1,0
"601",2024-05-23,0,0,51,132,0,0,0,1,0
"602",2024-05-24,0,0,50,136,0,0,0,1,0
"603",2024-05-25,0,0,49,136,0,0,0,1,0
"604",2024-05-26,0,0,49,136,0,0,0,1,0
"605",2024-05-27,0,0,49,136,0,0,0,1,0
"606",2024-05-28,0,0,49,138,0,0,0,1,1
"607",2024-05-29,0,0,50,141,0,0,0,1,1
"608",2024-05-30,0,0,50,140,0,0,0,1,1
"609",2024-05-31,0,0,54,139,0,0,0,1,1
"610",2024-06-01,0,0,54,138,0,0,0,1,0
"611",2024-06-02,0,0,54,138,0,0,0,1,0
"612",2024-06-03,0,0,55,142,0,0,0,1,1
"613",2024-06-04,0,0,55,148,0,0,0,1,1
"614",2024-06-05,0,0,55,152,0,0,0,1,0
"615",2024-06-06,0,0,38,111,0,0,0,1,0
"616",2024-06-07,0,0,38,111,0,0,0,1,0
"617",2024-06-08,0,0,38,110,0,0,0,1,0
"618",2024-06-09,0,0,38,110,0,0,0,1,1
"619",2024-06-10,0,0,38,112,0,0,0,1,1
"620",2024-06-11,0,0,42,115,0,0,0,1,0
"621",2024-06-12,0,0,42,115,0,0,0,1,0
"622",2024-06-13,0,0,42,116,0,0,0,1,0
"623",2024-06-14,0,0,42,120,0,0,0,1,2
"624",2024-06-15,0,0,41,120,0,0,0,1,2
"625",2024-06-16,0,0,41,120,0,0,0,1,2
"626",2024-06-17,0,0,44,120,0,0,0,1,2
"627",2024-06-18,0,0,47,122,0,0,0,1,0
"628",2024-06-19,0,0,46,120,0,0,0,1,0
"629",2024-06-20,0,0,48,123,0,0,0,1,0
"630",2024-06-21,0,0,48,124,0,0,0,1,0
"631",2024-06-22,0,0,47,123,0,1,0,1,0
"632",2024-06-23,0,0,47,124,0,1,0,1,0
"633",2024-06-24,0,0,47,130,0,1,0,1,0
"634",2024-06-25,0,0,46,131,0,0,0,1,1
"635",2024-06-26,0,0,45,131,0,0,0,1,1
"636",2024-06-27,0,0,33,107,0,0,0,1,0
"637",2024-06-28,0,0,33,107,0,0,0,1,0
"638",2024-06-29,0,0,33,107,0,0,0,1,0
"639",2024-06-30,0,0,33,107,0,0,0,1,0
"640",2024-07-01,0,0,33,110,0,0,0,1,0
"641",2024-07-02,0,0,32,118,0,0,0,1,1
"642",2024-07-03,0,0,33,120,0,0,0,1,1
"643",2024-07-04,0,0,33,119,0,0,0,1,0
"644",2024-07-05,0,0,33,119,0,0,0,1,0
"645",2024-07-06,0,0,33,118,0,0,0,1,0
"646",2024-07-07,0,0,33,118,0,0,0,1,0
"647",2024-07-08,0,0,33,124,0,0,0,1,0
"648",2024-07-09,0,0,37,123,0,0,0,1,0
"649",2024-07-10,0,0,39,126,0,2,0,1,0
"650",2024-07-11,0,0,43,125,0,3,0,2,0
"651",2024-07-12,0,0,50,129,0,3,0,2,1
"652",2024-07-13,0,0,50,126,0,0,0,1,1
"653",2024-07-14,0,0,50,126,0,0,0,1,1
"654",2024-07-15,0,0,54,129,0,1,0,1,1
"655",2024-07-16,0,0,54,127,0,3,0,1,0
"656",2024-07-17,0,0,56,126,0,4,0,1,0
"657",2024-07-18,0,0,43,105,0,4,0,1,0
"658",2024-07-19,0,0,48,108,0,0,0,1,1
"659",2024-07-20,0,0,48,107,0,0,0,1,1
"660",2024-07-21,0,0,48,107,0,0,0,1,1
"661",2024-07-22,0,0,48,111,0,1,0,1,2
"662",2024-07-23,0,0,51,112,0,1,0,1,1
"663",2024-07-24,0,0,53,113,0,0,0,1,0
"664",2024-07-25,0,0,58,110,0,0,0,1,0
"665",2024-07-26,0,0,58,116,0,0,0,1,0
"666",2024-07-27,0,0,58,115,0,0,0,1,0
"667",2024-07-28,0,0,67,125,0,0,0,1,0
"668",2024-07-29,0,0,67,117,0,0,0,1,0
"669",2024-07-30,0,0,67,123,0,0,0,2,0
"670",2024-07-31,0,0,65,126,0,0,0,2,0
"671",2024-08-01,0,0,70,130,0,1,0,1,0
"672",2024-08-02,0,0,69,136,0,1,0,1,2
"673",2024-08-03,0,0,69,135,0,0,0,1,2
"674",2024-08-04,0,0,69,135,0,2,0,1,2
"675",2024-08-05,0,0,70,138,0,2,0,1,2
"676",2024-08-06,0,0,74,143,0,2,0,1,0
"677",2024-08-07,0,0,78,150,0,0,0,1,0
"678",2024-08-08,0,0,61,131,0,0,0,1,1
"679",2024-08-09,0,0,62,133,0,0,0,1,1
"680",2024-08-10,0,0,62,133,0,0,0,1,1
"681",2024-08-11,0,0,62,133,0,0,0,1,1
"682",2024-08-12,0,0,64,137,0,0,0,1,1
"683",2024-08-13,0,0,65,140,0,1,0,1,0
"684",2024-08-14,0,0,65,142,0,1,0,0,0
"685",2024-08-15,0,0,65,145,0,2,0,0,0
"686",2024-08-16,0,0,64,147,0,0,0,0,0
"687",2024-08-17,0,0,64,147,0,0,0,0,0
"688",2024-08-18,0,0,64,147,0,0,0,0,0
"689",2024-08-19,0,0,66,150,0,0,0,0,0
"690",2024-08-20,0,0,66,149,0,0,0,0,0
"691",2024-08-21,0,0,66,147,0,0,0,0,0
"692",2024-08-22,0,0,68,147,0,0,0,0,0
"693",2024-08-23,0,0,70,147,0,0,0,0,0
"694",2024-08-24,0,0,69,145,0,0,0,0,0
"695",2024-08-25,0,0,70,145,0,0,0,0,0
"696",2024-08-26,0,0,70,149,0,2,0,3,0
"697",2024-08-27,0,0,72,151,0,2,0,3,0
"698",2024-08-28,0,0,77,151,0,0,0,3,0
"699",2024-08-29,0,0,64,126,0,2,0,4,0
"700",2024-08-30,0,0,65,127,0,2,0,4,0
"701",2024-08-31,0,0,65,128,0,0,0,3,0
"702",2024-09-01,0,0,65,128,0,0,0,3,0
"703",2024-09-02,0,0,65,128,0,0,0,3,0
"704",2024-09-03,0,0,68,133,0,1,0,3,2
"705",2024-09-04,0,0,71,131,0,2,0,3,2
"706",2024-09-05,0,0,73,134,0,2,0,3,0
"707",2024-09-06,0,0,74,132,0,0,0,3,0
"708",2024-09-07,0,0,74,132,0,0,0,3,0
"709",2024-09-08,0,0,74,132,0,0,0,3,0
"710",2024-09-09,0,0,74,137,0,0,0,3,0
"711",2024-09-10,0,0,73,137,0,0,0,4,0
"712",2024-09-11,0,0,72,141,0,0,0,4,0
"713",2024-09-12,0,0,74,141,0,0,0,4,0
"714",2024-09-13,0,0,74,145,0,0,0,6,0
"715",2024-09-14,0,0,73,143,0,0,0,6,0
"716",2024-09-15,0,0,73,143,0,0,0,6,0
"717",2024-09-16,0,0,73,145,0,0,0,7,0
"718",2024-09-17,0,0,73,145,0,0,0,7,0
"719",2024-09-18,0,0,78,154,0,3,0,7,0
"720",2024-09-19,0,0,64,126,0,4,0,6,0
"721",2024-09-20,0,0,66,126,0,0,0,6,0
"722",2024-09-21,0,0,66,126,0,0,0,6,0
"723",2024-09-22,0,0,66,126,0,0,0,6,0
"724",2024-09-23,0,0,67,126,0,4,0,6,3
"725",2024-09-24,0,0,67,139,0,4,0,6,3
"726",2024-09-25,0,0,66,141,0,3,0,7,0
"727",2024-09-26,0,0,70,146,0,4,0,7,0
"728",2024-09-27,0,0,70,146,0,1,0,6,0
"729",2024-09-28,0,0,70,146,0,0,0,6,0
"730",2024-09-29,0,0,70,146,0,0,0,6,0
"731",2024-09-30,0,0,70,147,0,2,0,6,0
"732",2024-10-01,0,0,75,151,0,2,0,6,0
"733",2024-10-02,0,0,76,144,0,1,0,6,0
"734",2024-10-03,0,0,73,148,0,1,0,6,0
"735",2024-10-04,0,0,72,148,0,0,0,6,0
"736",2024-10-05,0,0,72,148,0,0,0,6,0
"737",2024-10-06,0,0,72,148,0,0,0,6,0
"738",2024-10-07,0,0,72,152,0,1,0,6,0
"739",2024-10-08,0,0,72,157,0,1,0,6,2
"740",2024-10-09,0,0,72,156,0,3,0,6,2
"741",2024-10-10,0,0,63,133,0,3,0,6,0
"742",2024-10-11,0,0,64,130,0,0,0,6,0
"743",2024-10-12,0,0,64,130,0,0,0,6,0
"744",2024-10-13,0,0,64,131,0,0,0,6,0
"745",2024-10-14,0,0,65,131,0,0,0,6,0
"746",2024-10-15,0,0,65,132,0,0,0,6,0
"747",2024-10-16,0,0,67,134,0,0,0,6,0
"748",2024-10-17,0,0,68,135,0,0,0,6,1
"749",2024-10-18,0,0,68,138,0,0,0,6,1
"750",2024-10-19,0,0,67,141,0,0,0,6,0
"751",2024-10-20,0,0,67,141,0,2,0,6,0
"752",2024-10-21,0,0,68,144,0,2,0,6,0
"753",2024-10-22,0,0,67,148,0,2,0,6,0
"754",2024-10-23,0,0,67,149,0,1,0,6,0
"755",2024-10-24,0,0,69,154,0,1,0,5,0
"756",2024-10-25,0,0,68,152,0,0,0,5,0
"757",2024-10-26,0,0,68,152,0,0,0,5,1
"758",2024-10-27,0,0,68,152,0,0,0,5,2
"759",2024-10-28,0,0,70,153,0,1,0,5,2
"760",2024-10-29,0,0,70,155,0,1,0,5,1
"761",2024-10-30,0,0,71,156,0,2,0,5,2
"762",2024-10-31,0,0,60,133,0,2,0,4,1
"763",2024-11-01,0,0,60,134,0,0,0,4,0
"764",2024-11-02,0,0,60,133,0,2,0,4,0
"765",2024-11-03,0,0,60,133,0,2,0,4,0
"766",2024-11-04,0,0,61,137,0,2,0,4,1
"767",2024-11-05,0,0,63,137,0,0,0,4,1
"768",2024-11-06,0,0,63,139,0,1,0,4,0
"769",2024-11-07,0,0,63,140,0,1,0,4,0
"770",2024-11-08,0,0,64,139,0,0,0,4,0
"771",2024-11-09,0,0,64,138,0,0,0,4,0
"772",2024-11-10,0,0,64,138,0,0,0,4,0
"773",2024-11-11,0,0,64,138,0,0,0,4,0
"774",2024-11-12,0,0,66,140,0,0,0,4,1
"775",2024-11-13,0,0,68,137,0,0,0,4,2
"776",2024-11-14,0,0,70,137,0,0,0,4,1
"777",2024-11-15,0,0,70,136,0,0,0,3,0
"778",2024-11-16,0,0,70,136,0,0,0,3,0
"779",2024-11-17,0,0,70,136,0,0,0,3,0
"780",2024-11-18,0,0,71,139,0,0,0,3,1
"781",2024-11-19,0,0,74,139,0,0,0,3,1
"782",2024-11-20,0,0,72,137,0,0,0,3,0
"783",2024-11-21,0,0,71,144,0,2,0,3,0
"784",2024-11-22,0,0,53,124,0,2,0,3,0
"785",2024-11-23,0,0,53,124,0,2,0,3,0
"786",2024-11-24,0,0,53,124,0,2,0,3,1
"787",2024-11-25,0,0,57,128,0,2,0,3,2
"788",2024-11-26,0,0,60,129,0,4,0,3,1
"789",2024-11-27,0,0,58,128,0,3,0,3,0
"790",2024-11-28,0,0,58,127,0,3,0,3,0
"791",2024-11-29,0,0,58,131,0,3,0,3,0
"792",2024-11-30,0,0,58,131,0,0,0,3,0
"793",2024-12-01,0,0,58,131,0,0,0,3,0
"794",2024-12-02,0,0,58,131,0,0,0,3,0
"795",2024-12-03,0,0,60,130,0,1,0,2,0
"796",2024-12-04,0,0,61,133,0,3,0,2,0
"797",2024-12-05,0,0,62,138,0,4,0,2,0
"798",2024-12-06,0,0,63,138,0,1,0,2,0
"799",2024-12-07,0,0,63,138,0,1,0,2,0
"800",2024-12-08,0,0,63,138,0,1,0,2,0
"801",2024-12-09,0,0,66,139,0,1,0,2,0
"802",2024-12-10,0,0,66,138,0,0,0,2,0
"803",2024-12-11,0,0,68,138,0,0,0,2,0
"804",2024-12-12,0,0,60,108,0,0,0,2,0
"805",2024-12-13,0,0,63,109,0,0,0,2,0
"806",2024-12-14,0,0,62,107,0,0,0,2,0
"807",2024-12-15,0,0,62,107,0,0,0,2,0
"808",2024-12-16,0,0,62,112,0,0,0,2,0
"809",2024-12-17,0,0,61,113,0,0,0,2,0
"810",2024-12-18,0,0,61,116,0,0,0,2,0
"811",2024-12-19,0,0,65,114,0,0,0,2,0
"812",2024-12-20,0,0,66,115,0,1,0,2,0
"813",2024-12-21,0,0,64,114,0,1,0,2,0
"814",2024-12-22,0,0,64,114,0,1,0,2,0
"815",2024-12-23,0,0,67,117,0,1,0,2,0
"816",2024-12-24,0,0,67,116,0,0,0,2,0
"817",2024-12-25,0,0,67,116,0,0,0,2,0
"818",2024-12-26,0,0,68,120,0,0,0,2,0
"819",2024-12-27,0,0,69,121,0,0,0,2,0
"820",2024-12-28,0,0,69,121,0,0,0,2,0
"821",2024-12-29,0,0,69,122,0,0,0,2,0
"822",2024-12-30,0,0,69,127,0,0,0,2,1
"823",2024-12-31,0,0,69,129,0,0,0,2,1
"824",2025-01-01,0,0,69,129,0,0,0,2,0
"825",2025-01-02,0,0,69,132,0,0,0,2,0
"826",2025-01-03,0,0,68,143,0,0,0,2,0
"827",2025-01-04,0,0,68,143,0,0,0,2,0
"828",2025-01-05,0,0,68,144,0,0,0,2,0
"829",2025-01-06,0,0,68,147,0,0,0,2,3
"830",2025-01-07,0,0,73,146,0,0,0,2,3
"831",2025-01-08,0,0,74,149,0,0,0,2,0
"832",2025-01-09,0,0,51,124,0,0,0,2,1
"833",2025-01-10,0,0,52,127,0,0,0,2,1
"834",2025-01-11,0,0,51,126,0,0,0,2,0
"835",2025-01-12,0,0,51,126,0,0,0,2,0
"836",2025-01-13,0,0,53,126,0,0,0,2,1
"837",2025-01-14,0,0,56,127,0,0,0,2,1
"838",2025-01-15,0,0,57,126,0,0,0,2,0
"839",2025-01-16,0,0,57,133,0,0,0,3,0
"840",2025-01-17,0,0,61,135,0,0,0,3,0
"841",2025-01-18,0,0,60,134,0,0,0,2,0
"842",2025-01-19,0,0,60,135,0,0,0,2,0
"843",2025-01-20,0,0,60,135,0,0,0,2,0
"844",2025-01-21,0,0,63,139,0,0,0,2,0
"845",2025-01-22,0,0,66,140,0,0,0,2,0
"846",2025-01-23,0,0,73,142,0,0,0,2,0
"847",2025-01-24,0,0,75,148,0,0,0,2,1
"848",2025-01-25,0,0,75,147,0,0,0,2,1
"849",2025-01-26,0,0,75,147,0,0,0,20,1
"850",2025-01-27,0,0,75,151,0,0,0,35,1
"851",2025-01-28,0,0,82,159,0,0,0,41,0
"852",2025-01-29,0,0,88,159,0,0,0,41,1
"853",2025-01-30,0,0,71,142,0,0,0,42,2
"854",2025-01-31,0,0,75,144,0,0,0,45,1
"855",2025-02-01,0,0,76,143,0,0,0,45,0
"856",2025-02-02,0,0,76,143,0,0,0,45,0
"857",2025-02-03,0,0,77,155,0,0,0,49,2
"858",2025-02-04,0,0,87,155,0,0,0,49,2
"859",2025-02-05,0,0,84,152,0,0,0,55,0
"860",2025-02-06,0,0,84,160,0,0,0,57,2
"861",2025-02-07,0,0,83,157,0,0,0,55,4
"862",2025-02-08,0,0,83,156,0,0,0,54,2
"863",2025-02-09,0,0,86,156,0,0,0,54,2
"864",2025-02-10,0,0,85,158,0,0,0,54,0
"865",2025-02-11,0,0,85,157,0,3,0,56,0
"866",2025-02-12,0,0,92,169,0,3,0,65,2
"867",2025-02-13,0,0,74,146,0,3,0,56,2
"868",2025-02-14,0,0,74,149,0,3,0,60,0
"869",2025-02-15,0,0,72,149,0,2,0,60,0
"870",2025-02-16,0,0,72,149,0,2,0,60,0
"871",2025-02-17,0,0,74,155,0,2,0,61,0
"872",2025-02-18,0,0,74,156,0,3,0,63,0
"873",2025-02-19,0,0,77,157,0,2,0,65,0
"874",2025-02-20,0,0,77,158,0,2,0,63,0
"875",2025-02-21,0,0,77,158,0,2,0,66,0
"876",2025-02-22,0,0,79,155,0,1,0,65,0
"877",2025-02-23,0,0,78,155,0,1,0,65,0
"878",2025-02-24,0,0,85,157,0,1,0,66,0
"879",2025-02-25,0,0,90,158,0,1,0,70,0
"880",2025-02-26,0,0,92,166,0,1,0,76,0
"881",2025-02-27,0,0,83,156,0,1,0,67,0
"882",2025-02-28,0,0,85,161,0,0,0,67,0
"883",2025-03-01,0,0,85,159,0,0,0,64,0
"884",2025-03-02,0,0,84,159,0,0,0,65,0
"885",2025-03-03,0,0,79,149,0,1,0,69,0
"886",2025-03-04,0,0,88,156,0,1,0,76,0
"887",2025-03-05,0,0,88,156,0,1,0,76,0
"888",2025-03-06,0,0,89,156,0,1,0,85,0
"889",2025-03-07,0,0,85,150,0,1,0,82,0
"890",2025-03-08,0,0,83,145,0,0,0,83,0
"891",2025-03-09,0,0,83,145,0,0,0,86,0
"892",2025-03-10,0,0,91,146,0,0,0,90,0
"893",2025-03-11,0,0,90,152,0,0,0,93,0
"894",2025-03-12,0,0,91,165,0,0,0,97,0
"895",2025-03-13,0,0,72,148,0,0,0,82,0
"896",2025-03-14,0,0,73,149,0,1,0,86,0
"897",2025-03-15,0,0,73,149,0,1,0,84,0
"898",2025-03-16,0,0,73,149,0,1,0,85,0
"899",2025-03-17,0,0,77,151,0,1,0,87,0
"900",2025-03-18,0,0,76,148,0,0,0,89,0
"901",2025-03-19,0,0,76,148,0,0,0,96,0
"902",2025-03-20,0,0,84,147,0,1,0,97,0
"903",2025-03-21,0,0,84,154,0,1,0,102,0
"904",2025-03-22,0,0,84,152,0,0,0,101,0
"905",2025-03-23,0,0,85,152,0,0,0,100,0
"906",2025-03-24,0,0,86,152,0,2,0,108,0
"907",2025-03-25,0,0,88,152,0,2,0,106,0
"908",2025-03-26,0,0,86,162,0,2,0,112,0
"909",2025-03-27,0,0,75,160,0,1,0,92,0
"910",2025-03-28,0,0,76,151,0,0,0,87,0
"911",2025-03-29,0,0,75,148,0,0,0,85,0
"912",2025-03-30,0,0,75,148,0,0,0,87,0
"913",2025-03-31,0,0,77,148,0,0,0,90,0
"914",2025-04-01,0,0,77,148,0,0,0,97,0
"915",2025-04-02,0,0,76,148,0,0,0,103,0
"916",2025-04-03,0,0,69,145,0,0,0,90,0
"917",2025-04-04,0,0,68,147,0,0,0,95,0
"918",2025-04-05,0,0,68,144,0,0,0,94,0
"919",2025-04-06,0,0,68,144,0,0,0,95,0
"920",2025-04-07,0,0,72,151,0,0,0,99,0
"921",2025-04-08,0,0,73,154,0,0,0,97,0
"922",2025-04-09,0,0,76,154,0,0,0,101,0
"923",2025-04-10,0,0,75,146,0,1,0,89,0
"924",2025-04-11,0,0,76,148,0,1,0,92,0
"925",2025-04-12,0,0,76,146,0,1,0,93,0
"926",2025-04-13,0,0,76,146,0,2,0,92,0
"927",2025-04-14,0,0,77,150,0,2,0,92,0
"928",2025-04-15,0,0,79,149,0,0,0,93,0
"929",2025-04-16,0,0,80,147,0,0,0,97,0
"930",2025-04-17,0,0,73,149,0,0,0,85,0
"931",2025-04-18,0,0,72,148,0,0,0,86,0
"932",2025-04-19,0,0,71,147,0,0,0,85,0
"933",2025-04-20,0,0,71,146,0,0,0,85,0
"934",2025-04-21,0,0,72,146,0,0,0,87,0
"935",2025-04-22,0,0,75,146,0,0,0,95,0
"936",2025-04-23,0,0,76,146,0,0,0,99,0
"937",2025-04-24,0,0,75,145,0,0,0,86,0
"938",2025-04-25,0,0,75,143,0,0,0,87,0
"939",2025-04-26,0,0,75,139,0,0,0,87,0
"940",2025-04-27,0,0,76,139,0,0,0,87,0
"941",2025-04-28,0,0,81,143,0,0,0,88,0
"942",2025-04-29,0,0,83,145,0,0,0,107,0
"943",2025-04-30,0,0,87,146,0,0,0,106,0
"944",2025-05-01,0,0,85,141,0,0,0,88,0
"945",2025-05-02,0,0,87,145,0,0,0,94,0
"946",2025-05-03,0,0,87,145,0,0,0,94,0
"947",2025-05-04,0,0,87,145,0,0,0,95,0
"948",2025-05-05,0,0,92,146,0,1,0,97,0
"949",2025-05-06,0,0,93,147,0,1,0,100,0
"950",2025-05-07,0,0,91,162,0,2,0,101,0
"951",2025-05-08,0,0,78,145,0,1,0,93,0
"952",2025-05-09,0,0,80,146,0,1,0,93,0
"953",2025-05-10,0,0,81,146,0,0,0,93,0
"954",2025-05-11,0,0,82,145,0,0,0,93,0
"955",2025-05-12,0,0,84,146,0,0,0,97,0
"956",2025-05-13,0,0,86,146,0,0,0,99,0
"957",2025-05-14,0,0,93,146,0,0,0,107,0
"958",2025-05-15,0,0,83,143,0,0,0,93,0
"959",2025-05-16,0,0,85,148,0,0,0,94,0
"960",2025-05-17,0,0,85,148,0,0,0,94,0
"961",2025-05-18,0,0,78,142,0,1,0,88,0
"962",2025-05-19,0,0,79,146,0,1,0,91,0
"963",2025-05-20,0,0,81,150,0,1,0,97,0
"964",2025-05-21,0,0,81,158,0,2,0,112,0
"965",2025-05-22,0,0,77,146,0,1,0,106,0
"966",2025-05-23,0,0,78,147,0,3,0,108,0
"967",2025-05-24,0,0,77,145,0,3,0,107,0
"968",2025-05-25,0,0,68,133,0,3,0,96,0
"969",2025-05-26,0,0,68,133,0,3,0,96,0
"970",2025-05-27,0,0,78,153,0,3,0,99,0
"971",2025-05-28,0,0,77,157,0,2,0,102,0
"972",2025-05-29,0,0,78,156,0,2,0,99,0
"973",2025-05-30,0,0,81,153,0,1,0,100,0
"974",2025-05-31,0,0,83,152,0,1,0,99,0
"975",2025-06-01,0,0,78,147,0,1,0,89,0
"976",2025-06-02,0,0,80,150,0,3,0,90,0
"977",2025-06-03,0,0,81,150,0,3,0,91,0
"978",2025-06-04,0,0,87,153,0,4,0,95,0
"979",2025-06-05,0,0,84,151,0,4,0,82,0
"980",2025-06-06,0,0,92,150,0,5,0,89,0
"981",2025-06-07,0,0,93,149,0,8,0,89,0
"982",2025-06-08,0,0,94,149,0,9,0,89,0
"983",2025-06-09,0,0,94,152,0,9,0,90,0
"984",2025-06-10,0,0,101,150,0,10,0,91,0
"985",2025-06-11,0,0,102,158,0,9,0,91,0
"986",2025-06-12,0,0,98,154,0,11,0,84,0
"987",2025-06-13,0,0,98,157,0,11,0,85,0
"988",2025-06-14,0,0,95,152,0,11,0,84,0
"989",2025-06-15,0,0,95,156,0,11,0,83,0
"990",2025-06-16,0,0,86,155,0,11,0,71,0
"991",2025-06-17,0,0,88,153,0,9,0,73,0
"992",2025-06-18,0,0,89,153,0,9,0,84,0
"993",2025-06-19,0,0,86,151,0,9,0,90,0
"994",2025-06-20,0,0,87,151,0,11,0,93,0
"995",2025-06-21,0,0,85,152,0,11,0,92,0
"996",2025-06-22,0,0,84,156,0,11,0,98,0
"997",2025-06-23,0,0,83,153,0,11,0,89,0
"998",2025-06-24,0,0,83,153,0,10,0,94,0
"999",2025-06-25,0,0,91,160,0,10,0,106,0
"1000",2025-06-26,0,0,79,149,0,10,0,98,0
"1001",2025-06-27,0,0,84,151,0,15,0,98,0
"1002",2025-06-28,0,0,83,149,0,15,0,97,0
"1003",2025-06-29,0,0,83,149,0,15,0,98,0
"1004",2025-06-30,0,0,85,141,0,15,0,83,0
"1005",2025-07-01,0,0,83,148,0,15,0,86,0
"1006",2025-07-02,0,0,86,149,0,15,0,88,0
"1007",2025-07-03,0,0,86,151,0,15,0,89,0
"1008",2025-07-04,0,0,84,147,0,15,0,89,0
"1009",2025-07-05,0,0,84,147,0,15,0,90,0
"1010",2025-07-06,0,0,84,147,0,15,0,92,0
"1011",2025-07-07,0,0,82,143,0,15,0,86,0
"1012",2025-07-08,0,0,82,149,0,13,0,90,0
"1013",2025-07-09,0,0,84,159,0,11,0,89,0
"1014",2025-07-10,0,0,88,148,0,12,0,93,0
"1015",2025-07-11,0,0,87,149,0,12,0,97,0
"1016",2025-07-12,0,0,87,149,0,12,0,99,0
"1017",2025-07-13,0,0,81,129,0,11,0,86,0
"1018",2025-07-14,0,0,86,135,0,16,0,88,0
"1019",2025-07-15,0,0,85,150,0,16,0,98,0
"1020",2025-07-16,0,0,92,153,0,13,0,100,0
"1021",2025-07-17,0,0,83,145,0,15,0,93,0
"1022",2025-07-18,0,0,86,149,0,15,0,95,0
"1023",2025-07-19,0,0,85,147,0,13,0,95,0
"1024",2025-07-20,0,0,81,139,0,13,0,84,0
"1025",2025-07-21,0,0,83,140,0,13,0,89,0
"1026",2025-07-22,0,0,90,144,0,15,0,95,0
"1027",2025-07-23,0,0,92,152,0,13,0,97,0
"1028",2025-07-24,0,0,90,141,0,19,0,94,0
"1029",2025-07-25,0,0,93,140,0,20,0,98,0
"1030",2025-07-26,0,0,93,140,0,20,0,100,0
"1031",2025-07-27,0,0,89,127,0,21,0,94,0
"1032",2025-07-28,0,0,92,127,0,23,0,99,0
"1033",2025-07-29,0,0,93,125,0,16,0,99,0
"1034",2025-07-30,0,0,97,135,0,13,0,104,0
"1035",2025-07-31,0,0,89,120,0,14,0,101,0
"1036",2025-08-01,0,0,90,119,0,16,0,101,0
"1037",2025-08-02,0,0,90,121,0,16,0,102,0
"1038",2025-08-03,0,0,79,114,0,16,0,83,0
"1039",2025-08-04,0,0,86,115,0,20,0,91,0
"1040",2025-08-05,0,0,93,134,0,16,0,100,0
"1041",2025-08-06,0,0,97,140,0,8,0,101,0
"1042",2025-08-07,0,0,93,134,0,8,0,100,0
"1043",2025-08-08,0,0,93,133,0,9,0,99,0
"1044",2025-08-09,0,0,99,138,0,9,0,103,0
"1045",2025-08-10,0,0,87,116,0,9,0,97,0
"1046",2025-08-11,0,0,89,131,0,9,0,100,0
"1047",2025-08-12,0,0,86,139,0,12,0,100,0
"1048",2025-08-13,0,0,90,147,0,12,0,101,0
"1049",2025-08-14,0,0,91,147,0,15,0,104,0
"1050",2025-08-15,0,0,90,146,0,15,0,109,0
"1051",2025-08-16,0,0,91,145,0,15,0,115,0
"1052",2025-08-17,0,0,80,116,0,15,0,98,0
"1053",2025-08-18,0,0,80,128,0,15,0,101,0
"1054",2025-08-19,0,0,84,139,0,16,0,97,0
"1055",2025-08-20,0,0,86,137,0,13,0,98,0
"1056",2025-08-21,0,0,83,136,0,13,0,94,0
"1057",2025-08-22,0,0,87,144,0,14,0,96,0
"1058",2025-08-23,0,0,87,144,0,11,0,95,0
"1059",2025-08-24,0,0,89,144,0,11,0,100,0
"1060",2025-08-25,0,0,88,133,0,15,0,96,0
"1061",2025-08-26,0,0,88,147,0,17,0,98,0
"1062",2025-08-27,0,0,92,161,0,13,0,101,0
"1063",2025-08-28,0,0,84,145,0,15,0,93,0
"1064",2025-08-29,0,0,89,145,0,15,0,93,0
"1065",2025-08-30,0,0,85,147,0,14,0,98,0
"1066",2025-08-31,0,0,77,123,0,14,0,87,0
"1067",2025-09-01,0,0,77,123,0,14,0,88,0
"1068",2025-09-02,0,0,79,135,0,16,0,87,0
"1069",2025-09-03,0,0,82,145,0,16,0,91,0
"1070",2025-09-04,0,0,83,145,0,17,0,92,0
"1071",2025-09-05,0,0,85,144,0,17,0,96,0
"1072",2025-09-06,0,0,88,148,0,12,0,95,0
"1073",2025-09-07,0,0,75,132,0,12,0,86,0
"1074",2025-09-08,0,0,81,133,0,12,0,94,0
"1075",2025-09-09,0,0,79,136,0,12,0,89,0
"1076",2025-09-10,0,0,84,136,0,13,0,99,0
"1077",2025-09-11,0,0,82,136,0,13,0,94,0
"1078",2025-09-12,0,0,83,143,0,13,0,102,0
"1079",2025-09-13,0,0,83,143,0,13,0,104,0
"1080",2025-09-14,0,0,78,137,0,13,0,106,0
"1081",2025-09-15,0,0,82,137,0,15,0,112,0
"1082",2025-09-16,0,0,74,129,0,15,0,99,0
"1083",2025-09-17,0,0,78,128,0,12,0,106,0
"1084",2025-09-18,0,0,84,130,0,15,0,100,0
"1085",2025-09-19,0,0,85,130,0,15,0,105,0
"1086",2025-09-20,0,0,84,130,0,14,0,107,0
"1087",2025-09-21,0,0,74,111,0,14,0,99,0
"1088",2025-09-22,0,0,79,111,0,14,0,104,0
"1089",2025-09-23,0,0,80,121,0,14,0,102,0
"1090",2025-09-24,0,0,89,120,0,13,0,104,0
"1091",2025-09-25,0,0,85,116,0,13,0,100,0
"1092",2025-09-26,0,0,87,124,0,13,0,102,0
"1093",2025-09-27,0,0,87,124,0,10,0,102,0
"1094",2025-09-28,0,0,79,98,0,10,0,90,0
"1095",2025-09-29,0,0,86,102,0,12,0,95,0
"1096",2025-09-30,0,0,86,105,0,12,0,92,0
"1097",2025-10-01,0,0,88,107,0,10,0,96,0
"1098",2025-10-02,0,0,86,113,0,12,0,98,0
"1099",2025-10-03,0,0,89,113,0,12,0,98,0
"1100",2025-10-04,0,0,89,119,0,8,0,106,0
"1101",2025-10-05,0,0,85,100,0,8,0,101,0
"1102",2025-10-06,0,0,87,103,0,8,0,105,0
"1103",2025-10-07,0,0,84,111,0,8,0,105,0
"1104",2025-10-08,0,3,89,114,0,10,0,113,0
"1105",2025-10-09,0,3,86,113,0,10,0,111,0
"1106",2025-10-10,0,3,89,112,0,11,0,125,0
"1107",2025-10-11,0,3,88,111,0,11,0,125,0
"1108",2025-10-12,0,3,75,92,0,11,0,106,0
"1109",2025-10-13,0,3,76,100,0,9,0,109,0
"1110",2025-10-14,0,3,70,94,0,8,0,100,0
"1111",2025-10-15,0,3,74,101,0,9,0,101,0
"1112",2025-10-16,0,3,80,104,0,9,0,97,0
"1113",2025-10-17,0,3,80,102,0,9,0,97,0
"1114",2025-10-18,0,3,80,102,0,9,0,97,0
"1115",2025-10-19,0,3,72,104,0,9,0,88,0
"1116",2025-10-20,0,3,81,104,0,11,0,97,0
"1117",2025-10-21,0,3,80,112,0,11,0,94,0
"1118",2025-10-22,0,3,84,125,0,10,0,94,0
"1119",2025-10-23,0,5,85,112,0,10,0,93,0
"1120",2025-10-24,0,5,84,115,0,12,0,93,0
"1121",2025-10-25,0,5,84,118,0,12,0,94,0
"1122",2025-10-26,0,5,71,110,0,12,0,82,0
"1123",2025-10-27,0,5,78,112,0,13,0,86,0
"1124",2025-10-28,0,5,78,116,0,16,0,82,0
"1125",2025-10-29,0,5,81,114,0,10,0,88,0
"1126",2025-10-30,0,3,80,109,0,10,0,84,0
"1127",2025-10-31,0,3,82,110,0,12,0,86,0
"1128",2025-11-01,0,3,82,110,0,12,0,87,0
"1129",2025-11-02,0,3,76,99,0,12,0,78,0
"1130",2025-11-03,0,7,84,98,0,16,0,82,0
"1131",2025-11-04,0,7,82,97,0,18,0,79,0
"1132",2025-11-05,0,7,88,97,0,15,0,86,0
"1133",2025-11-06,0,7,82,106,0,15,0,88,0
"1134",2025-11-07,0,7,83,113,0,15,0,91,0
"1135",2025-11-08,0,7,83,113,0,16,0,92,0
"1136",2025-11-09,0,7,69,106,0,16,0,86,0
"1137",2025-11-10,0,7,73,104,0,16,0,88,0
"1138",2025-11-11,0,7,67,106,0,16,0,83,0
"1139",2025-11-12,0,7,67,107,0,16,0,94,0
"1140",2025-11-13,0,3,70,101,0,16,0,89,0
"1141",2025-11-14,0,3,74,109,0,16,0,91,0
"1142",2025-11-15,0,3,74,106,0,15,0,90,0
"1143",2025-11-16,0,3,65,96,0,15,0,82,0
"1144",2025-11-17,0,3,67,96,0,17,0,86,0
"1145",2025-11-18,0,5,70,108,0,17,0,97,0
"1146",2025-11-19,0,5,74,107,0,13,0,100,0
"1147",2025-11-20,0,5,69,108,0,15,0,96,0
"1148",2025-11-21,0,3,72,118,0,15,0,95,0
"1149",2025-11-22,0,3,71,124,0,14,0,94,0
"1150",2025-11-23,0,3,68,116,0,14,0,89,0
"1151",2025-11-24,0,3,74,119,0,14,0,92,0
"1152",2025-11-25,0,3,74,121,0,14,0,95,0
"1153",2025-11-26,0,3,71,116,0,14,0,83,0
"1154",2025-11-27,0,3,70,116,0,12,0,82,0
"1155",2025-11-28,0,3,72,116,0,12,0,82,0
"1156",2025-11-29,0,3,71,116,0,12,0,84,0
"1157",2025-11-30,0,3,71,116,0,12,0,88,0
"1158",2025-12-01,0,3,74,122,0,14,0,97,0
"1159",2025-12-02,0,3,86,130,0,13,0,99,0
"1160",2025-12-03,0,13,83,119,0,17,0,101,0
"1161",2025-12-04,0,41,84,116,0,17,0,104,0
"1162",2025-12-05,0,35,68,132,0,12,0,112,0
"1163",2025-12-06,0,45,81,128,0,14,0,114,0
"1164",2025-12-07,0,45,83,128,0,16,0,117,0
"1165",2025-12-08,0,45,83,140,0,16,1,130,0
"1166",2025-12-09,0,45,33,122,0,19,0,100,0
"1167",2025-12-10,0,52,40,118,0,21,0,100,0
"1168",2025-12-11,0,55,71,127,0,24,0,105,0
"1169",2025-12-12,0,55,88,130,0,23,0,111,0
"1170",2025-12-13,0,62,88,118,0,23,0,105,0
"1171",2025-12-14,0,59,100,129,0,23,0,120,0
"1172",2025-12-15,0,59,93,123,0,23,0,113,0
"1173",2025-12-16,0,59,90,136,0,23,0,102,0
"1174",2025-12-17,0,59,87,125,0,22,0,97,0
"1175",2025-12-18,0,71,72,130,0,22,0,99,0
"1176",2025-12-19,0,58,69,116,0,22,0,100,0
"1177",2025-12-20,0,58,69,105,0,22,0,100,0
"1178",2025-12-21,0,57,69,108,0,22,0,105,0
"1179",2025-12-22,0,55,55,82,0,22,0,95,0
"1180",2025-12-23,0,49,69,96,0,21,0,112,0
"1181",2025-12-24,0,39,75,94,0,19,0,102,0
"1182",2025-12-25,0,39,75,94,0,19,0,103,0
"1183",2025-12-26,0,39,86,94,0,19,0,118,0
"1184",2025-12-27,0,40,81,94,0,19,0,108,0
"1185",2025-12-28,0,40,84,94,0,20,0,108,0
"1186",2025-12-29,0,40,91,104,0,20,0,109,0
"1187",2025-12-30,0,47,103,112,0,18,0,114,0
"1188",2025-12-31,0,48,96,110,0,18,0,109,0
"1189",2026-01-01,0,53,96,129,0,18,0,113,0
"1190",2026-01-02,0,53,105,128,0,18,0,116,0
"1191",2026-01-03,0,47,93,117,0,18,0,113,0
"1192",2026-01-04,0,48,93,117,0,18,0,115,0
"1193",2026-01-05,0,54,96,130,0,18,0,115,0
"1194",2026-01-06,0,48,91,119,0,16,0,113,0
"1195",2026-01-07,0,40,90,116,0,18,0,114,0
"1196",2026-01-08,0,40,90,115,0,18,0,114,0
"1197",2026-01-09,0,41,88,117,0,18,0,113,0
"1198",2026-01-10,0,38,89,108,0,18,0,107,0
"1199",2026-01-11,0,36,89,110,0,18,0,107,0
"1200",2026-01-12,0,36,89,118,0,18,0,106,0
"1201",2026-01-13,0,35,87,120,0,20,0,105,0
"1202",2026-01-14,0,36,89,123,0,19,0,104,0
"1203",2026-01-15,0,43,89,123,0,19,0,101,0
"1204",2026-01-16,0,43,88,122,0,19,0,100,0
"1205",2026-01-17,0,45,90,119,0,19,0,94,0
"1206",2026-01-18,0,46,88,116,0,18,0,92,0
"1207",2026-01-19,0,49,85,116,0,18,0,91,0
"1208",2026-01-20,0,52,83,116,0,16,0,100,0
"1209",2026-01-21,0,47,80,114,0,17,0,101,0
"1210",2026-01-22,0,40,79,118,0,17,0,98,0
"1211",2026-01-23,0,41,75,121,0,16,0,105,0
"1212",2026-01-24,0,37,81,119,0,15,0,97,0
"1213",2026-01-25,0,38,80,114,0,15,0,99,0
"1214",2026-01-26,0,39,78,110,0,15,0,110,0
"1215",2026-01-27,0,39,75,110,0,15,0,111,0
"1216",2026-01-28,0,36,73,109,0,11,0,106,0
"1217",2026-01-29,0,34,70,110,0,10,0,108,0
"1218",2026-01-30,0,36,64,107,0,10,0,106,0
"1219",2026-01-31,0,38,68,102,0,12,0,102,0
"1220",2026-02-01,0,40,73,104,0,15,0,94,0
"1221",2026-02-02,0,40,80,102,0,17,0,96,0
"1222",2026-02-03,0,43,76,97,0,19,0,103,0
"1223",2026-02-04,0,41,66,96,0,15,0,104,0
"1224",2026-02-05,0,36,60,107,0,16,0,105,0
"1225",2026-02-06,0,33,55,106,0,8,0,102,0
"1226",2026-02-07,0,34,52,100,0,8,0,94,0
"1227",2026-02-08,0,33,66,101,0,8,0,91,0
"1228",2026-02-09,0,31,68,103,0,8,0,91,0
"1229",2026-02-10,0,28,61,101,0,9,0,93,0
"1230",2026-02-11,0,27,56,98,0,11,0,90,0
"1231",2026-02-12,0,27,54,101,0,12,0,88,0
"1232",2026-02-13,0,29,63,105,0,13,0,105,0
"1233",2026-02-14,0,29,68,98,0,15,0,108,0
"1234",2026-02-15,0,29,60,99,0,15,0,101,0
"1235",2026-02-16,0,29,59,107,0,22,0,97,0
"1236",2026-02-17,0,31,56,104,0,16,0,101,0
"1237",2026-02-18,0,30,49,102,0,16,0,99,0
"1238",2026-02-19,0,26,46,98,0,16,0,97,0
"1239",2026-02-20,0,26,41,101,0,16,0,96,0
"1240",2026-02-21,0,17,39,96,0,7,0,84,0
"1241",2026-02-22,0,16,38,83,0,9,0,83,0
"1242",2026-02-23,0,16,38,84,0,10,0,83,0
"1243",2026-02-24,0,16,37,84,0,9,0,85,0
"1244",2026-02-25,0,16,37,82,0,7,0,87,0
"1245",2026-02-26,0,16,35,80,0,7,0,87,0
"1246",2026-02-27,0,16,33,74,0,7,0,81,0
"1247",2026-02-28,0,16,31,72,0,7,0,79,0
"1248",2026-03-01,0,15,30,66,0,8,0,76,0
"1249",2026-03-02,0,15,30,66,0,8,0,79,0
"1250",2026-03-03,0,15,29,66,0,10,0,87,0
"1251",2026-03-04,0,15,28,78,0,10,0,87,0
"1252",2026-03-05,0,15,27,97,0,10,0,90,0
"1253",2026-03-06,0,12,27,94,0,6,0,82,0
"1254",2026-03-07,0,12,25,96,0,6,0,82,0
"1255",2026-03-08,0,12,25,90,0,6,0,79,0
"1256",2026-03-09,0,12,26,91,0,6,0,85,0
"1257",2026-03-10,0,11,26,89,0,7,0,87,0
