"","detainer_prepare_date","count"
"1",2022-10-01,2
"2",2022-10-02,3
"3",2022-10-03,3
"4",2022-10-04,1
"5",2022-10-05,5
"6",2022-10-06,2
"7",2022-10-07,3
"8",2022-10-08,2
"9",2022-10-09,3
"10",2022-10-10,4
"11",2022-10-11,4
"12",2022-10-12,6
"13",2022-10-13,2
"14",2022-10-14,1
"15",2022-10-15,1
"16",2022-10-16,2
"17",2022-10-17,5
"18",2022-10-18,5
"19",2022-10-19,2
"20",2022-10-20,3
"21",2022-10-21,1
"22",2022-10-22,2
"23",2022-10-23,7
"24",2022-10-24,5
"25",2022-10-25,3
"26",2022-10-26,2
"27",2022-10-27,2
"28",2022-10-28,2
"29",2022-10-29,3
"30",2022-10-30,2
"31",2022-10-31,5
"32",2022-11-01,4
"33",2022-11-02,1
"34",2022-11-03,4
"35",2022-11-04,1
"36",2022-11-05,5
"37",2022-11-06,4
"38",2022-11-07,7
"39",2022-11-08,1
"40",2022-11-09,1
"41",2022-11-10,3
"42",2022-11-11,2
"43",2022-11-12,4
"44",2022-11-13,4
"45",2022-11-14,2
"46",2022-11-15,8
"47",2022-11-16,3
"48",2022-11-17,3
"49",2022-11-18,1
"50",2022-11-19,2
"51",2022-11-21,2
"52",2022-11-22,4
"53",2022-11-23,1
"54",2022-11-24,2
"55",2022-11-25,3
"56",2022-11-27,3
"57",2022-11-28,4
"58",2022-11-29,3
"59",2022-11-30,3
"60",2022-12-01,2
"61",2022-12-02,4
"62",2022-12-03,2
"63",2022-12-04,5
"64",2022-12-05,4
"65",2022-12-06,4
"66",2022-12-07,1
"67",2022-12-08,3
"68",2022-12-09,1
"69",2022-12-10,1
"70",2022-12-11,4
"71",2022-12-12,5
"72",2022-12-13,3
"73",2022-12-14,2
"74",2022-12-15,3
"75",2022-12-16,3
"76",2022-12-17,3
"77",2022-12-18,4
"78",2022-12-19,6
"79",2022-12-20,2
"80",2022-12-21,2
"81",2022-12-22,1
"82",2022-12-23,1
"83",2022-12-24,1
"84",2022-12-25,4
"85",2022-12-26,3
"86",2022-12-27,2
"87",2022-12-28,1
"88",2022-12-29,1
"89",2022-12-30,3
"90",2022-12-31,3
"91",2023-01-01,1
"92",2023-01-02,3
"93",2023-01-03,4
"94",2023-01-04,6
"95",2023-01-05,1
"96",2023-01-06,2
"97",2023-01-07,2
"98",2023-01-08,4
"99",2023-01-09,5
"100",2023-01-10,1
"101",2023-01-11,3
"102",2023-01-12,2
"103",2023-01-13,3
"104",2023-01-14,3
"105",2023-01-15,3
"106",2023-01-16,2
"107",2023-01-17,3
"108",2023-01-18,4
"109",2023-01-19,2
"110",2023-01-20,1
"111",2023-01-21,4
"112",2023-01-22,7
"113",2023-01-23,15
"114",2023-01-24,4
"115",2023-01-25,5
"116",2023-01-26,5
"117",2023-01-27,2
"118",2023-01-28,2
"119",2023-01-29,5
"120",2023-01-30,6
"121",2023-01-31,5
"122",2023-02-01,2
"123",2023-02-03,3
"124",2023-02-04,4
"125",2023-02-05,1
"126",2023-02-06,4
"127",2023-02-07,4
"128",2023-02-08,2
"129",2023-02-09,1
"130",2023-02-11,1
"131",2023-02-12,4
"132",2023-02-13,12
"133",2023-02-14,13
"134",2023-02-15,10
"135",2023-02-16,1
"136",2023-02-17,1
"137",2023-02-18,5
"138",2023-02-19,1
"139",2023-02-20,2
"140",2023-02-21,2
"141",2023-02-23,1
"142",2023-02-24,2
"143",2023-02-25,1
"144",2023-02-26,1
"145",2023-02-27,5
"146",2023-02-28,6
"147",2023-03-01,4
"148",2023-03-03,1
"149",2023-03-04,2
"150",2023-03-05,6
"151",2023-03-06,1
"152",2023-03-07,8
"153",2023-03-08,2
"154",2023-03-09,5
"155",2023-03-10,3
"156",2023-03-12,1
"157",2023-03-13,4
"158",2023-03-14,6
"159",2023-03-15,4
"160",2023-03-16,2
"161",2023-03-17,1
"162",2023-03-18,2
"163",2023-03-19,3
"164",2023-03-20,1
"165",2023-03-21,1
"166",2023-03-22,2
"167",2023-03-23,2
"168",2023-03-24,1
"169",2023-03-25,2
"170",2023-03-26,4
"171",2023-03-27,5
"172",2023-03-28,2
"173",2023-03-29,3
"174",2023-03-30,2
"175",2023-04-01,2
"176",2023-04-02,4
"177",2023-04-03,1
"178",2023-04-04,3
"179",2023-04-05,1
"180",2023-04-06,2
"181",2023-04-07,2
"182",2023-04-08,2
"183",2023-04-09,1
"184",2023-04-10,2
"185",2023-04-11,4
"186",2023-04-12,1
"187",2023-04-13,1
"188",2023-04-14,2
"189",2023-04-15,1
"190",2023-04-16,4
"191",2023-04-17,3
"192",2023-04-18,3
"193",2023-04-19,3
"194",2023-04-20,2
"195",2023-04-21,5
"196",2023-04-24,5
"197",2023-04-25,2
"198",2023-04-26,2
"199",2023-04-27,1
"200",2023-04-28,3
"201",2023-04-29,2
"202",2023-04-30,5
"203",2023-05-01,3
"204",2023-05-02,3
"205",2023-05-03,4
"206",2023-05-04,1
"207",2023-05-06,5
"208",2023-05-07,1
"209",2023-05-08,6
"210",2023-05-09,1
"211",2023-05-10,6
"212",2023-05-11,5
"213",2023-05-12,1
"214",2023-05-13,1
"215",2023-05-14,2
"216",2023-05-15,2
"217",2023-05-17,5
"218",2023-05-18,3
"219",2023-05-19,4
"220",2023-05-20,3
"221",2023-05-21,3
"222",2023-05-22,8
"223",2023-05-24,1
"224",2023-05-25,1
"225",2023-05-26,4
"226",2023-05-27,4
"227",2023-05-28,4
"228",2023-05-29,9
"229",2023-05-30,4
"230",2023-05-31,5
"231",2023-06-01,5
"232",2023-06-02,1
"233",2023-06-03,1
"234",2023-06-04,6
"235",2023-06-05,6
"236",2023-06-06,7
"237",2023-06-07,2
"238",2023-06-08,3
"239",2023-06-09,3
"240",2023-06-10,3
"241",2023-06-11,3
"242",2023-06-12,5
"243",2023-06-13,4
"244",2023-06-14,4
"245",2023-06-15,4
"246",2023-06-16,3
"247",2023-06-17,4
"248",2023-06-18,7
"249",2023-06-19,2
"250",2023-06-20,4
"251",2023-06-21,6
"252",2023-06-22,6
"253",2023-06-23,1
"254",2023-06-24,3
"255",2023-06-25,4
"256",2023-06-26,5
"257",2023-06-28,3
"258",2023-06-29,2
"259",2023-06-30,3
"260",2023-07-01,1
"261",2023-07-02,5
"262",2023-07-03,6
"263",2023-07-04,4
"264",2023-07-05,7
"265",2023-07-06,1
"266",2023-07-07,1
"267",2023-07-08,1
"268",2023-07-09,2
"269",2023-07-10,3
"270",2023-07-11,2
"271",2023-07-12,3
"272",2023-07-13,3
"273",2023-07-14,3
"274",2023-07-15,2
"275",2023-07-16,3
"276",2023-07-17,6
"277",2023-07-18,1
"278",2023-07-19,1
"279",2023-07-20,7
"280",2023-07-21,2
"281",2023-07-22,2
"282",2023-07-23,5
"283",2023-07-24,4
"284",2023-07-25,1
"285",2023-07-26,2
"286",2023-07-27,1
"287",2023-07-28,2
"288",2023-07-29,3
"289",2023-07-30,4
"290",2023-07-31,5
"291",2023-08-01,6
"292",2023-08-02,4
"293",2023-08-03,4
"294",2023-08-04,1
"295",2023-08-05,2
"296",2023-08-06,7
"297",2023-08-07,3
"298",2023-08-08,5
"299",2023-08-09,8
"300",2023-08-10,4
"301",2023-08-11,2
"302",2023-08-12,3
"303",2023-08-13,6
"304",2023-08-14,2
"305",2023-08-15,1
"306",2023-08-16,3
"307",2023-08-17,2
"308",2023-08-18,3
"309",2023-08-19,3
"310",2023-08-20,5
"311",2023-08-21,12
"312",2023-08-22,4
"313",2023-08-24,2
"314",2023-08-25,3
"315",2023-08-26,7
"316",2023-08-27,2
"317",2023-08-28,5
"318",2023-08-29,3
"319",2023-08-30,3
"320",2023-08-31,4
"321",2023-09-01,4
"322",2023-09-02,4
"323",2023-09-03,2
"324",2023-09-04,4
"325",2023-09-05,5
"326",2023-09-06,2
"327",2023-09-07,4
"328",2023-09-08,3
"329",2023-09-09,7
"330",2023-09-10,6
"331",2023-09-11,3
"332",2023-09-12,1
"333",2023-09-13,2
"334",2023-09-14,2
"335",2023-09-15,6
"336",2023-09-16,1
"337",2023-09-17,6
"338",2023-09-18,2
"339",2023-09-19,2
"340",2023-09-20,5
"341",2023-09-21,3
"342",2023-09-22,2
"343",2023-09-23,6
"344",2023-09-24,7
"345",2023-09-25,5
"346",2023-09-26,2
"347",2023-09-27,4
"348",2023-09-28,6
"349",2023-09-29,2
"350",2023-09-30,6
"351",2023-10-01,1
"352",2023-10-02,8
"353",2023-10-03,6
"354",2023-10-05,2
"355",2023-10-06,2
"356",2023-10-07,1
"357",2023-10-08,5
"358",2023-10-09,4
"359",2023-10-10,4
"360",2023-10-11,3
"361",2023-10-13,2
"362",2023-10-14,5
"363",2023-10-15,4
"364",2023-10-16,4
"365",2023-10-17,3
"366",2023-10-18,2
"367",2023-10-19,1
"368",2023-10-20,2
"369",2023-10-21,1
"370",2023-10-22,12
"371",2023-10-23,4
"372",2023-10-24,6
"373",2023-10-25,1
"374",2023-10-26,4
"375",2023-10-27,5
"376",2023-10-28,9
"377",2023-10-29,2
"378",2023-10-30,6
"379",2023-10-31,5
"380",2023-11-01,9
"381",2023-11-02,5
"382",2023-11-03,3
"383",2023-11-04,3
"384",2023-11-05,8
"385",2023-11-06,6
"386",2023-11-07,3
"387",2023-11-08,3
"388",2023-11-09,6
"389",2023-11-10,6
"390",2023-11-11,12
"391",2023-11-12,9
"392",2023-11-13,12
"393",2023-11-14,2
"394",2023-11-15,5
"395",2023-11-16,1
"396",2023-11-17,3
"397",2023-11-18,5
"398",2023-11-19,12
"399",2023-11-20,4
"400",2023-11-21,2
"401",2023-11-22,4
"402",2023-11-23,2
"403",2023-11-24,6
"404",2023-11-25,5
"405",2023-11-26,7
"406",2023-11-27,3
"407",2023-11-28,2
"408",2023-11-29,3
"409",2023-11-30,3
"410",2023-12-01,4
"411",2023-12-02,4
"412",2023-12-03,7
"413",2023-12-04,7
"414",2023-12-05,5
"415",2023-12-06,3
"416",2023-12-07,4
"417",2023-12-08,5
"418",2023-12-09,6
"419",2023-12-10,5
"420",2023-12-11,6
"421",2023-12-12,4
"422",2023-12-13,5
"423",2023-12-14,3
"424",2023-12-15,2
"425",2023-12-16,5
"426",2023-12-17,2
"427",2023-12-18,5
"428",2023-12-19,7
"429",2023-12-20,2
"430",2023-12-21,2
"431",2023-12-22,5
"432",2023-12-23,3
"433",2023-12-24,3
"434",2023-12-25,2
"435",2023-12-26,2
"436",2023-12-27,4
"437",2023-12-28,4
"438",2023-12-29,2
"439",2023-12-30,1
"440",2023-12-31,6
"441",2024-01-01,4
"442",2024-01-02,2
"443",2024-01-03,4
"444",2024-01-04,5
"445",2024-01-05,2
"446",2024-01-06,2
"447",2024-01-07,4
"448",2024-01-08,5
"449",2024-01-09,4
"450",2024-01-10,2
"451",2024-01-11,5
"452",2024-01-12,4
"453",2024-01-13,4
"454",2024-01-14,8
"455",2024-01-15,1
"456",2024-01-16,5
"457",2024-01-17,10
"458",2024-01-18,4
"459",2024-01-19,2
"460",2024-01-21,2
"461",2024-01-22,7
"462",2024-01-23,4
"463",2024-01-24,4
"464",2024-01-25,10
"465",2024-01-26,3
"466",2024-01-28,4
"467",2024-01-29,4
"468",2024-01-30,3
"469",2024-01-31,5
"470",2024-02-01,3
"471",2024-02-02,4
"472",2024-02-03,2
"473",2024-02-04,4
"474",2024-02-05,6
"475",2024-02-06,4
"476",2024-02-07,3
"477",2024-02-08,5
"478",2024-02-09,3
"479",2024-02-10,2
"480",2024-02-11,9
"481",2024-02-12,6
"482",2024-02-13,3
"483",2024-02-15,2
"484",2024-02-16,1
"485",2024-02-17,3
"486",2024-02-18,13
"487",2024-02-19,7
"488",2024-02-20,5
"489",2024-02-21,2
"490",2024-02-22,1
"491",2024-02-23,5
"492",2024-02-24,3
"493",2024-02-25,5
"494",2024-02-26,5
"495",2024-02-27,5
"496",2024-02-28,4
"497",2024-02-29,1
"498",2024-03-01,1
"499",2024-03-02,2
"500",2024-03-03,2
"501",2024-03-04,4
"502",2024-03-05,5
"503",2024-03-06,2
"504",2024-03-07,1
"505",2024-03-08,1
"506",2024-03-09,5
"507",2024-03-10,10
"508",2024-03-11,4
"509",2024-03-12,8
"510",2024-03-13,6
"511",2024-03-14,2
"512",2024-03-15,1
"513",2024-03-16,6
"514",2024-03-17,4
"515",2024-03-18,9
"516",2024-03-19,5
"517",2024-03-20,6
"518",2024-03-21,7
"519",2024-03-22,4
"520",2024-03-23,1
"521",2024-03-24,5
"522",2024-03-25,8
"523",2024-03-26,3
"524",2024-03-27,5
"525",2024-03-28,4
"526",2024-03-29,3
"527",2024-03-30,1
"528",2024-03-31,4
"529",2024-04-01,7
"530",2024-04-02,7
"531",2024-04-03,1
"532",2024-04-04,3
"533",2024-04-05,4
"534",2024-04-06,6
"535",2024-04-07,6
"536",2024-04-08,3
"537",2024-04-09,5
"538",2024-04-10,9
"539",2024-04-11,4
"540",2024-04-12,3
"541",2024-04-13,5
"542",2024-04-14,5
"543",2024-04-15,10
"544",2024-04-16,4
"545",2024-04-17,6
"546",2024-04-18,3
"547",2024-04-19,3
"548",2024-04-20,8
"549",2024-04-21,2
"550",2024-04-22,5
"551",2024-04-23,1
"552",2024-04-24,2
"553",2024-04-25,3
"554",2024-04-26,5
"555",2024-04-27,2
"556",2024-04-28,6
"557",2024-04-29,2
"558",2024-04-30,3
"559",2024-05-01,1
"560",2024-05-02,5
"561",2024-05-03,6
"562",2024-05-04,2
"563",2024-05-05,4
"564",2024-05-06,9
"565",2024-05-07,5
"566",2024-05-08,4
"567",2024-05-09,2
"568",2024-05-10,5
"569",2024-05-11,4
"570",2024-05-12,7
"571",2024-05-13,7
"572",2024-05-14,9
"573",2024-05-15,10
"574",2024-05-16,2
"575",2024-05-17,3
"576",2024-05-18,2
"577",2024-05-19,5
"578",2024-05-20,15
"579",2024-05-21,8
"580",2024-05-22,8
"581",2024-05-23,8
"582",2024-05-24,8
"583",2024-05-25,3
"584",2024-05-26,7
"585",2024-05-27,4
"586",2024-05-28,8
"587",2024-05-29,3
"588",2024-05-30,7
"589",2024-05-31,4
"590",2024-06-01,6
"591",2024-06-02,4
"592",2024-06-03,4
"593",2024-06-04,3
"594",2024-06-05,3
"595",2024-06-06,1
"596",2024-06-07,3
"597",2024-06-08,6
"598",2024-06-09,2
"599",2024-06-10,7
"600",2024-06-11,3
"601",2024-06-12,5
"602",2024-06-13,8
"603",2024-06-14,4
"604",2024-06-15,5
"605",2024-06-16,6
"606",2024-06-17,4
"607",2024-06-18,10
"608",2024-06-19,5
"609",2024-06-20,11
"610",2024-06-21,5
"611",2024-06-22,4
"612",2024-06-23,5
"613",2024-06-24,5
"614",2024-06-25,2
"615",2024-06-26,3
"616",2024-06-27,5
"617",2024-06-28,3
"618",2024-06-30,4
"619",2024-07-01,9
"620",2024-07-02,6
"621",2024-07-04,1
"622",2024-07-05,3
"623",2024-07-06,4
"624",2024-07-07,2
"625",2024-07-08,6
"626",2024-07-09,4
"627",2024-07-10,5
"628",2024-07-11,5
"629",2024-07-12,9
"630",2024-07-13,3
"631",2024-07-14,10
"632",2024-07-15,5
"633",2024-07-16,4
"634",2024-07-17,5
"635",2024-07-18,6
"636",2024-07-19,9
"637",2024-07-20,4
"638",2024-07-21,4
"639",2024-07-22,8
"640",2024-07-23,2
"641",2024-07-24,6
"642",2024-07-25,7
"643",2024-07-26,3
"644",2024-07-27,7
"645",2024-07-28,5
"646",2024-07-29,4
"647",2024-07-30,3
"648",2024-07-31,3
"649",2024-08-01,4
"650",2024-08-02,9
"651",2024-08-03,2
"652",2024-08-04,6
"653",2024-08-05,5
"654",2024-08-06,4
"655",2024-08-07,5
"656",2024-08-08,5
"657",2024-08-09,3
"658",2024-08-10,2
"659",2024-08-11,5
"660",2024-08-12,7
"661",2024-08-13,1
"662",2024-08-14,3
"663",2024-08-15,4
"664",2024-08-16,10
"665",2024-08-17,5
"666",2024-08-18,6
"667",2024-08-19,8
"668",2024-08-20,5
"669",2024-08-21,5
"670",2024-08-22,3
"671",2024-08-23,9
"672",2024-08-24,4
"673",2024-08-25,8
"674",2024-08-26,9
"675",2024-08-27,3
"676",2024-08-28,5
"677",2024-08-29,4
"678",2024-08-30,3
"679",2024-08-31,4
"680",2024-09-01,4
"681",2024-09-02,10
"682",2024-09-03,3
"683",2024-09-04,3
"684",2024-09-05,8
"685",2024-09-06,6
"686",2024-09-07,3
"687",2024-09-08,10
"688",2024-09-09,11
"689",2024-09-10,5
"690",2024-09-11,6
"691",2024-09-12,2
"692",2024-09-13,4
"693",2024-09-14,6
"694",2024-09-15,6
"695",2024-09-16,3
"696",2024-09-17,5
"697",2024-09-18,5
"698",2024-09-19,6
"699",2024-09-20,1
"700",2024-09-21,3
"701",2024-09-22,7
"702",2024-09-23,2
"703",2024-09-24,6
"704",2024-09-25,6
"705",2024-09-26,5
"706",2024-09-27,8
"707",2024-09-28,2
"708",2024-09-29,9
"709",2024-09-30,8
"710",2024-10-01,7
"711",2024-10-02,1
"712",2024-10-03,5
"713",2024-10-04,4
"714",2024-10-05,3
"715",2024-10-06,13
"716",2024-10-07,5
"717",2024-10-08,4
"718",2024-10-09,6
"719",2024-10-10,1
"720",2024-10-11,6
"721",2024-10-12,4
"722",2024-10-13,8
"723",2024-10-14,2
"724",2024-10-15,3
"725",2024-10-16,3
"726",2024-10-17,1
"727",2024-10-18,4
"728",2024-10-19,6
"729",2024-10-20,6
"730",2024-10-21,7
"731",2024-10-22,6
"732",2024-10-23,6
"733",2024-10-24,3
"734",2024-10-25,3
"735",2024-10-26,10
"736",2024-10-27,5
"737",2024-10-28,7
"738",2024-10-29,13
"739",2024-10-30,5
"740",2024-10-31,6
"741",2024-11-01,3
"742",2024-11-02,2
"743",2024-11-03,7
"744",2024-11-04,5
"745",2024-11-05,5
"746",2024-11-06,3
"747",2024-11-07,4
"748",2024-11-08,3
"749",2024-11-09,3
"750",2024-11-10,6
"751",2024-11-11,6
"752",2024-11-12,6
"753",2024-11-13,6
"754",2024-11-14,4
"755",2024-11-15,1
"756",2024-11-16,5
"757",2024-11-17,7
"758",2024-11-18,4
"759",2024-11-19,7
"760",2024-11-20,6
"761",2024-11-21,4
"762",2024-11-22,4
"763",2024-11-23,6
"764",2024-11-24,8
"765",2024-11-25,8
"766",2024-11-26,1
"767",2024-11-27,4
"768",2024-11-28,8
"769",2024-11-29,1
"770",2024-11-30,3
"771",2024-12-01,2
"772",2024-12-02,4
"773",2024-12-03,3
"774",2024-12-04,4
"775",2024-12-05,7
"776",2024-12-06,9
"777",2024-12-07,5
"778",2024-12-08,7
"779",2024-12-09,6
"780",2024-12-10,5
"781",2024-12-11,5
"782",2024-12-12,1
"783",2024-12-13,5
"784",2024-12-14,4
"785",2024-12-15,6
"786",2024-12-16,6
"787",2024-12-18,1
"788",2024-12-19,5
"789",2024-12-20,6
"790",2024-12-21,4
"791",2024-12-22,8
"792",2024-12-23,3
"793",2024-12-24,3
"794",2024-12-25,6
"795",2024-12-26,3
"796",2024-12-27,3
"797",2024-12-28,1
"798",2024-12-29,8
"799",2024-12-30,6
"800",2024-12-31,6
"801",2025-01-01,5
"802",2025-01-02,11
"803",2025-01-03,5
"804",2025-01-04,3
"805",2025-01-05,4
"806",2025-01-06,6
"807",2025-01-07,6
"808",2025-01-08,3
"809",2025-01-09,4
"810",2025-01-10,5
"811",2025-01-11,6
"812",2025-01-12,4
"813",2025-01-13,7
"814",2025-01-14,6
"815",2025-01-15,3
"816",2025-01-16,8
"817",2025-01-17,5
"818",2025-01-18,4
"819",2025-01-19,3
"820",2025-01-20,8
"821",2025-01-21,3
"822",2025-01-22,4
"823",2025-01-23,7
"824",2025-01-24,10
"825",2025-01-25,4
"826",2025-01-26,7
"827",2025-01-27,7
"828",2025-01-28,6
"829",2025-01-29,8
"830",2025-01-30,3
"831",2025-01-31,6
"832",2025-02-01,4
"833",2025-02-02,6
"834",2025-02-03,12
"835",2025-02-04,5
"836",2025-02-05,2
"837",2025-02-06,3
"838",2025-02-07,3
"839",2025-02-08,6
"840",2025-02-09,8
"841",2025-02-10,10
"842",2025-02-11,10
"843",2025-02-12,11
"844",2025-02-13,5
"845",2025-02-14,9
"846",2025-02-15,8
"847",2025-02-16,5
"848",2025-02-17,8
"849",2025-02-18,6
"850",2025-02-19,4
"851",2025-02-20,3
"852",2025-02-21,4
"853",2025-02-22,8
"854",2025-02-23,6
"855",2025-02-24,5
"856",2025-02-25,5
"857",2025-02-26,4
"858",2025-02-27,6
"859",2025-02-28,3
"860",2025-03-01,7
"861",2025-03-02,7
"862",2025-03-03,10
"863",2025-03-04,9
"864",2025-03-05,5
"865",2025-03-06,3
"866",2025-03-08,1
"867",2025-03-09,7
"868",2025-03-10,7
"869",2025-03-11,6
"870",2025-03-12,2
"871",2025-03-13,9
"872",2025-03-14,6
"873",2025-03-15,7
"874",2025-03-16,10
"875",2025-03-17,6
"876",2025-03-18,10
"877",2025-03-19,7
"878",2025-03-20,7
"879",2025-03-21,9
"880",2025-03-22,5
"881",2025-03-23,6
"882",2025-03-24,12
"883",2025-03-25,3
"884",2025-03-26,7
"885",2025-03-27,9
"886",2025-03-28,8
"887",2025-03-29,4
"888",2025-03-30,11
"889",2025-03-31,9
"890",2025-04-01,7
"891",2025-04-02,2
"892",2025-04-03,3
"893",2025-04-05,9
"894",2025-04-06,5
"895",2025-04-07,9
"896",2025-04-08,5
"897",2025-04-09,3
"898",2025-04-10,5
"899",2025-04-11,6
"900",2025-04-12,3
"901",2025-04-13,10
"902",2025-04-14,12
"903",2025-04-15,2
"904",2025-04-16,6
"905",2025-04-17,2
"906",2025-04-18,3
"907",2025-04-19,6
"908",2025-04-20,8
"909",2025-04-21,8
"910",2025-04-22,5
"911",2025-04-23,3
"912",2025-04-24,5
"913",2025-04-25,3
"914",2025-04-26,5
"915",2025-04-27,10
"916",2025-04-28,7
"917",2025-04-29,2
"918",2025-04-30,4
"919",2025-05-01,4
"920",2025-05-02,4
"921",2025-05-03,10
"922",2025-05-04,13
"923",2025-05-05,9
"924",2025-05-06,11
"925",2025-05-07,5
"926",2025-05-08,11
"927",2025-05-09,11
"928",2025-05-10,6
"929",2025-05-11,9
"930",2025-05-12,6
"931",2025-05-13,9
"932",2025-05-14,2
"933",2025-05-15,4
"934",2025-05-16,2
"935",2025-05-17,11
"936",2025-05-18,8
"937",2025-05-19,12
"938",2025-05-20,6
"939",2025-05-21,4
"940",2025-05-22,6
"941",2025-05-23,7
"942",2025-05-24,9
"943",2025-05-25,3
"944",2025-05-26,13
"945",2025-05-27,11
"946",2025-05-28,4
"947",2025-05-29,9
"948",2025-05-31,3
"949",2025-06-01,7
"950",2025-06-02,6
"951",2025-06-03,10
"952",2025-06-04,6
"953",2025-06-05,10
"954",2025-06-06,2
"955",2025-06-07,8
"956",2025-06-08,12
"957",2025-06-09,10
"958",2025-06-10,5
"959",2025-06-11,8
"960",2025-06-12,7
"961",2025-06-13,3
"962",2025-06-14,9
"963",2025-06-15,8
"964",2025-06-16,4
"965",2025-06-17,3
"966",2025-06-18,7
"967",2025-06-19,6
"968",2025-06-20,2
"969",2025-06-21,7
"970",2025-06-22,12
"971",2025-06-23,6
"972",2025-06-24,5
"973",2025-06-25,5
"974",2025-06-26,5
"975",2025-06-27,4
"976",2025-06-28,10
"977",2025-06-29,12
"978",2025-06-30,6
"979",2025-07-01,6
"980",2025-07-02,9
"981",2025-07-03,3
"982",2025-07-04,9
"983",2025-07-05,10
"984",2025-07-06,7
"985",2025-07-07,7
"986",2025-07-08,3
"987",2025-07-09,6
"988",2025-07-10,5
"989",2025-07-11,3
"990",2025-07-12,7
"991",2025-07-13,12
"992",2025-07-14,7
"993",2025-07-15,7
"994",2025-07-16,11
"995",2025-07-17,7
"996",2025-07-18,7
"997",2025-07-19,3
"998",2025-07-20,9
"999",2025-07-21,10
"1000",2025-07-22,7
"1001",2025-07-23,6
"1002",2025-07-24,1
"1003",2025-07-25,2
"1004",2025-07-26,4
"1005",2025-07-27,10
"1006",2025-07-28,9
"1007",2025-07-29,2
"1008",2025-07-30,6
"1009",2025-07-31,4
"1010",2025-08-01,4
"1011",2025-08-02,7
"1012",2025-08-03,8
"1013",2025-08-04,11
"1014",2025-08-05,3
"1015",2025-08-06,6
"1016",2025-08-07,7
"1017",2025-08-08,2
"1018",2025-08-09,5
"1019",2025-08-10,6
"1020",2025-08-11,5
"1021",2025-08-12,7
"1022",2025-08-13,2
"1023",2025-08-14,6
"1024",2025-08-15,2
"1025",2025-08-16,4
"1026",2025-08-17,6
"1027",2025-08-18,14
"1028",2025-08-19,7
"1029",2025-08-20,3
"1030",2025-08-21,4
"1031",2025-08-22,4
"1032",2025-08-23,7
"1033",2025-08-24,3
"1034",2025-08-25,12
"1035",2025-08-26,4
"1036",2025-08-27,2
"1037",2025-08-28,3
"1038",2025-08-29,6
"1039",2025-08-30,5
"1040",2025-08-31,5
"1041",2025-09-01,3
"1042",2025-09-02,6
"1043",2025-09-03,2
"1044",2025-09-04,3
"1045",2025-09-05,4
"1046",2025-09-06,2
"1047",2025-09-07,7
"1048",2025-09-08,16
"1049",2025-09-09,4
"1050",2025-09-10,9
"1051",2025-09-11,4
"1052",2025-09-14,10
"1053",2025-09-15,8
"1054",2025-09-16,7
"1055",2025-09-17,4
"1056",2025-09-18,1
"1057",2025-09-19,6
"1058",2025-09-20,5
"1059",2025-09-21,14
"1060",2025-09-22,14
"1061",2025-09-23,3
"1062",2025-09-24,4
"1063",2025-09-25,9
"1064",2025-09-26,8
"1065",2025-09-27,10
"1066",2025-09-28,15
"1067",2025-09-29,11
"1068",2025-09-30,3
"1069",2025-10-01,3
"1070",2025-10-02,2
"1071",2025-10-03,8
"1072",2025-10-04,3
"1073",2025-10-05,13
"1074",2025-10-06,8
"1075",2025-10-07,7
"1076",2025-10-08,5
"1077",2025-10-09,7
"1078",2025-10-10,3
"1079",2025-10-11,9
"1080",2025-10-12,9
"1081",2025-10-13,3
"1082",2025-10-14,3
"1083",2025-10-15,1
"1084",2025-10-16,6
"1085",2025-10-17,4
"1086",2025-10-18,5
"1087",2025-10-19,10
"1088",2025-10-20,11
"1089",2025-10-21,6
"1090",2025-10-22,3
"1091",2025-10-23,6
"1092",2025-10-24,7
"1093",2025-10-25,7
"1094",2025-10-26,11
"1095",2025-10-27,10
"1096",2025-10-28,9
"1097",2025-10-29,8
"1098",2025-10-30,1
"1099",2025-10-31,1
"1100",2025-11-01,5
"1101",2025-11-02,13
"1102",2025-11-03,4
"1103",2025-11-04,3
"1104",2025-11-05,4
"1105",2025-11-06,9
"1106",2025-11-07,3
"1107",2025-11-08,12
"1108",2025-11-09,14
"1109",2025-11-10,7
"1110",2025-11-11,5
"1111",2025-11-12,5
"1112",2025-11-13,2
"1113",2025-11-14,3
"1114",2025-11-15,6
"1115",2025-11-16,7
"1116",2025-11-17,8
"1117",2025-11-18,5
"1118",2025-11-19,3
"1119",2025-11-20,9
"1120",2025-11-21,2
"1121",2025-11-22,5
"1122",2025-11-23,15
"1123",2025-11-24,14
"1124",2025-11-25,4
"1125",2025-11-26,2
"1126",2025-11-27,5
"1127",2025-11-28,10
"1128",2025-11-29,4
"1129",2025-11-30,7
"1130",2025-12-01,6
"1131",2025-12-02,6
"1132",2025-12-03,3
"1133",2025-12-04,5
"1134",2025-12-05,8
"1135",2025-12-06,3
"1136",2025-12-07,8
"1137",2025-12-08,4
"1138",2025-12-09,4
"1139",2025-12-10,7
"1140",2025-12-11,6
"1141",2025-12-12,5
"1142",2025-12-13,7
"1143",2025-12-14,7
"1144",2025-12-15,3
"1145",2025-12-16,3
"1146",2025-12-17,4
"1147",2025-12-19,5
"1148",2025-12-20,5
"1149",2025-12-21,10
"1150",2025-12-22,7
"1151",2025-12-23,7
"1152",2025-12-24,2
"1153",2025-12-25,11
"1154",2025-12-26,6
"1155",2025-12-27,6
"1156",2025-12-28,3
"1157",2025-12-29,7
"1158",2025-12-30,5
"1159",2026-01-01,17
"1160",2026-01-02,7
"1161",2026-01-03,5
"1162",2026-01-04,5
"1163",2026-01-05,5
"1164",2026-01-06,2
"1165",2026-01-07,4
"1166",2026-01-08,4
"1167",2026-01-09,3
"1168",2026-01-10,2
"1169",2026-01-11,2
"1170",2026-01-12,3
"1171",2026-01-13,4
"1172",2026-01-14,1
"1173",2026-01-15,5
"1174",2026-01-16,1
"1175",2026-01-17,5
"1176",2026-01-18,2
"1177",2026-01-19,2
"1178",2026-01-20,3
"1179",2026-01-21,3
"1180",2026-01-22,4
"1181",2026-01-23,3
"1182",2026-01-24,6
"1183",2026-01-25,6
"1184",2026-01-26,1
"1185",2026-01-27,3
"1186",2026-01-28,1
"1187",2026-01-29,2
"1188",2026-01-30,1
"1189",2026-01-31,6
"1190",2026-02-01,10
"1191",2026-02-02,7
"1192",2026-02-03,7
"1193",2026-02-04,6
"1194",2026-02-05,8
"1195",2026-02-06,3
"1196",2026-02-07,4
"1197",2026-02-08,13
"1198",2026-02-09,8
"1199",2026-02-10,11
"1200",2026-02-11,238
"1201",2026-02-12,9
"1202",2026-02-13,6
"1203",2026-02-14,13
"1204",2026-02-15,12
"1205",2026-02-16,21
"1206",2026-02-17,6
"1207",2026-02-18,24
"1208",2026-02-19,12
"1209",2026-02-20,13
"1210",2026-02-21,12
"1211",2026-02-22,1
"1212",2026-02-23,8
"1213",2026-02-24,10
"1214",2026-02-25,9
"1215",2026-02-26,8
"1216",2026-02-27,6
"1217",2026-02-28,8
"1218",2026-03-01,17
"1219",2026-03-02,8
"1220",2026-03-03,7
"1221",2026-03-04,14
"1222",2026-03-05,9
"1223",2026-03-06,12
"1224",2026-03-07,5
"1225",2026-03-08,17
"1226",2026-03-09,12
"1227",2026-03-10,7
