"","apprehension_date","arrests","TEXAS","WISCONSIN","ILLINOIS","MINNESOTA","OREGON"
"1",2025-08-02,1,NA,NA,5.57142857142857,NA,NA
"2",2025-08-02,3,NA,4.14285714285714,NA,8.14285714285714,6.28571428571429
"3",2025-08-02,181,250.857142857143,NA,NA,NA,NA
"4",2025-08-03,4,NA,NA,6.42857142857143,NA,NA
"5",2025-08-03,1,NA,NA,NA,8.85714285714286,3.14285714285714
"6",2025-08-03,139,255.285714285714,NA,NA,NA,NA
"7",2025-08-04,11,NA,NA,7,10.2857142857143,NA
"8",2025-08-04,1,NA,4.57142857142857,NA,NA,3.85714285714286
"9",2025-08-04,195,255,NA,NA,NA,NA
"10",2025-08-05,7,NA,NA,6.85714285714286,NA,NA
"11",2025-08-05,19,NA,NA,NA,10.7142857142857,NA
"12",2025-08-05,2,NA,NA,NA,NA,3.57142857142857
"13",2025-08-05,381,252,NA,NA,NA,NA
"14",2025-08-05,3,NA,4.85714285714286,NA,NA,NA
"15",2025-08-06,10,NA,NA,7.57142857142857,NA,NA
"16",2025-08-06,13,NA,NA,NA,10.8571428571429,NA
"17",2025-08-06,1,NA,NA,NA,NA,3.28571428571429
"18",2025-08-06,322,245.714285714286,NA,NA,NA,NA
"19",2025-08-06,7,NA,4.57142857142857,NA,NA,NA
"20",2025-08-07,11,NA,NA,8,NA,NA
"21",2025-08-07,18,NA,NA,NA,11.8571428571429,NA
"22",2025-08-07,13,NA,NA,NA,NA,4
"23",2025-08-07,282,244.142857142857,NA,NA,NA,NA
"24",2025-08-07,9,NA,4.28571428571429,NA,NA,NA
"25",2025-08-08,4,NA,NA,7.57142857142857,NA,4.57142857142857
"26",2025-08-08,10,NA,NA,NA,10.8571428571429,NA
"27",2025-08-08,264,246.142857142857,NA,NA,NA,NA
"28",2025-08-08,8,NA,5,NA,NA,NA
"29",2025-08-09,6,NA,NA,7.57142857142857,NA,NA
"30",2025-08-09,4,NA,NA,NA,9.85714285714286,NA
"31",2025-08-09,1,NA,5.42857142857143,NA,NA,5.42857142857143
"32",2025-08-09,137,238.571428571429,NA,NA,NA,NA
"33",2025-08-10,7,NA,NA,8.28571428571429,NA,NA
"34",2025-08-10,128,233,NA,NA,NA,NA
"35",2025-08-10,1,NA,5.14285714285714,NA,NA,NA
"36",2025-08-11,8,NA,NA,8.57142857142857,9.28571428571429,NA
"37",2025-08-11,6,NA,5.14285714285714,NA,NA,6.14285714285714
"38",2025-08-11,209,231.857142857143,NA,NA,NA,NA
"39",2025-08-12,7,NA,NA,8.57142857142857,NA,NA
"40",2025-08-12,4,NA,NA,NA,7.28571428571429,NA
"41",2025-08-12,5,NA,NA,NA,NA,4.71428571428571
"42",2025-08-12,328,230,NA,NA,NA,NA
"43",2025-08-12,6,NA,4.71428571428571,NA,NA,NA
"44",2025-08-13,15,NA,NA,8.14285714285714,NA,NA
"45",2025-08-13,12,NA,NA,NA,6.14285714285714,NA
"46",2025-08-13,8,NA,NA,NA,NA,4.28571428571429
"47",2025-08-13,283,237,NA,NA,NA,NA
"48",2025-08-13,5,NA,4.71428571428571,NA,NA,NA
"49",2025-08-14,13,NA,NA,7.28571428571429,NA,NA
"50",2025-08-14,9,NA,4.71428571428571,NA,5.85714285714286,NA
"51",2025-08-14,6,NA,NA,NA,NA,4.28571428571429
"52",2025-08-14,274,237,NA,NA,NA,NA
"53",2025-08-15,4,NA,NA,7.14285714285714,5.14285714285714,NA
"54",2025-08-15,3,NA,NA,NA,NA,3.57142857142857
"55",2025-08-15,251,233.571428571429,NA,NA,NA,NA
"56",2025-08-15,5,NA,4.57142857142857,NA,NA,NA
"57",2025-08-16,3,NA,NA,7.42857142857143,NA,NA
"58",2025-08-16,2,NA,NA,NA,6.14285714285714,NA
"59",2025-08-16,1,NA,4.71428571428571,NA,NA,3.28571428571429
"60",2025-08-16,186,233.714285714286,NA,NA,NA,NA
"61",2025-08-17,1,NA,NA,6.57142857142857,NA,3.14285714285714
"62",2025-08-17,2,NA,NA,NA,5.14285714285714,NA
"63",2025-08-17,128,234,NA,NA,NA,NA
"64",2025-08-18,7,NA,NA,5.85714285714286,NA,NA
"65",2025-08-18,3,NA,NA,NA,4.85714285714286,NA
"66",2025-08-18,1,NA,4.57142857142857,NA,NA,3
"67",2025-08-18,185,238.714285714286,NA,NA,NA,NA
"68",2025-08-19,9,NA,NA,5.71428571428571,NA,NA
"69",2025-08-19,11,NA,NA,NA,5,NA
"70",2025-08-19,3,NA,NA,NA,NA,3.28571428571429
"71",2025-08-19,329,240.285714285714,NA,NA,NA,NA
"72",2025-08-19,5,NA,3.57142857142857,NA,NA,NA
"73",2025-08-20,9,NA,NA,5.42857142857143,NA,NA
"74",2025-08-20,5,NA,NA,NA,5,NA
"75",2025-08-20,7,NA,3.14285714285714,NA,NA,3.57142857142857
"76",2025-08-20,285,237.714285714286,NA,NA,NA,NA
"77",2025-08-21,8,NA,NA,6.71428571428571,NA,NA
"78",2025-08-21,7,NA,NA,NA,5,NA
"79",2025-08-21,5,NA,NA,NA,NA,3.85714285714286
"80",2025-08-21,307,239.142857142857,NA,NA,NA,NA
"81",2025-08-21,4,NA,3.42857142857143,NA,NA,NA
"82",2025-08-22,3,NA,NA,6.71428571428571,NA,NA
"83",2025-08-22,5,NA,NA,NA,5.71428571428571,4.14285714285714
"84",2025-08-22,262,251.428571428571,NA,NA,NA,NA
"85",2025-08-22,2,NA,3.71428571428571,NA,NA,NA
"86",2025-08-23,1,NA,NA,6.14285714285714,NA,NA
"87",2025-08-23,2,NA,3.42857142857143,NA,6.57142857142857,NA
"88",2025-08-23,3,NA,NA,NA,NA,4.57142857142857
"89",2025-08-23,168,240,NA,NA,NA,NA
"90",2025-08-24,10,NA,NA,6.71428571428571,NA,NA
"91",2025-08-24,2,NA,NA,NA,7,NA
"92",2025-08-24,3,NA,3.71428571428571,NA,NA,4
"93",2025-08-24,138,240.428571428571,NA,NA,NA,NA
"94",2025-08-25,7,NA,NA,6.85714285714286,NA,NA
"95",2025-08-25,8,NA,NA,NA,7,NA
"96",2025-08-25,3,NA,4,NA,NA,3.57142857142857
"97",2025-08-25,271,233.428571428571,NA,NA,NA,NA
"98",2025-08-26,5,NA,NA,7,NA,NA
"99",2025-08-26,17,NA,NA,NA,7.71428571428571,NA
"100",2025-08-26,6,NA,NA,NA,NA,3
"101",2025-08-26,249,223.142857142857,NA,NA,NA,NA
"102",2025-08-26,3,NA,4.42857142857143,NA,NA,NA
"103",2025-08-27,13,NA,NA,7,NA,NA
"104",2025-08-27,8,NA,NA,NA,7.57142857142857,NA
"105",2025-08-27,288,218.142857142857,NA,NA,NA,NA
"106",2025-08-27,9,NA,4.42857142857143,NA,NA,NA
"107",2025-08-28,9,NA,NA,5.71428571428571,NA,NA
"108",2025-08-28,7,NA,NA,NA,7.42857142857143,NA
"109",2025-08-28,3,NA,NA,NA,NA,4.14285714285714
"110",2025-08-28,258,215.428571428571,NA,NA,NA,NA
"111",2025-08-28,6,NA,4.14285714285714,NA,NA,NA
"112",2025-08-29,4,NA,NA,5,NA,NA
"113",2025-08-29,10,NA,NA,NA,7,NA
"114",2025-08-29,2,NA,NA,NA,NA,4.42857142857143
"115",2025-08-29,190,193.428571428571,NA,NA,NA,NA
"116",2025-08-29,5,NA,4.28571428571429,NA,NA,NA
"117",2025-08-30,1,NA,NA,5.57142857142857,5.57142857142857,NA
"118",2025-08-30,133,191.428571428571,NA,NA,NA,NA
"119",2025-08-30,2,NA,4.42857142857143,NA,NA,NA
"120",2025-08-31,1,NA,NA,5.42857142857143,NA,NA
"121",2025-08-31,119,192.428571428571,NA,NA,NA,NA
"122",2025-09-01,2,NA,NA,6,NA,NA
"123",2025-09-01,1,NA,3.42857142857143,NA,7.14285714285714,NA
"124",2025-09-01,117,200.571428571429,NA,NA,NA,NA
"125",2025-09-02,9,NA,NA,6.28571428571429,NA,NA
"126",2025-09-02,5,NA,NA,NA,7,NA
"127",2025-09-02,1,NA,NA,NA,NA,4.28571428571429
"128",2025-09-02,235,217.428571428571,NA,NA,NA,NA
"129",2025-09-02,4,NA,2.71428571428571,NA,NA,NA
"130",2025-09-03,12,NA,NA,6.71428571428571,NA,NA
"131",2025-09-03,7,NA,NA,NA,5.71428571428571,NA
"132",2025-09-03,11,NA,NA,NA,NA,3.85714285714286
"133",2025-09-03,295,219,NA,NA,NA,NA
"134",2025-09-03,4,NA,2.42857142857143,NA,NA,NA
"135",2025-09-04,13,NA,NA,7.28571428571429,NA,NA
"136",2025-09-04,19,NA,NA,NA,5.71428571428571,NA
"137",2025-09-04,5,NA,NA,NA,NA,4.28571428571429
"138",2025-09-04,315,217.285714285714,NA,NA,NA,NA
"139",2025-09-04,2,NA,3,NA,NA,NA
"140",2025-09-05,6,NA,NA,7.85714285714286,7.42857142857143,NA
"141",2025-09-05,2,NA,NA,NA,NA,5
"142",2025-09-05,308,228.714285714286,NA,NA,NA,NA
"143",2025-09-05,1,NA,3.71428571428571,NA,NA,NA
"144",2025-09-06,4,NA,NA,8.57142857142857,NA,NA
"145",2025-09-06,1,NA,NA,NA,8.57142857142857,NA
"146",2025-09-06,3,NA,NA,NA,NA,5.28571428571429
"147",2025-09-06,144,238.285714285714,NA,NA,NA,NA
"148",2025-09-07,5,NA,NA,9.14285714285714,NA,NA
"149",2025-09-07,1,NA,NA,NA,9.28571428571429,NA
"150",2025-09-07,107,243,NA,NA,NA,NA
"151",2025-09-08,6,NA,NA,10.2857142857143,NA,4
"152",2025-09-08,13,NA,NA,NA,8.42857142857143,NA
"153",2025-09-08,197,243.714285714286,NA,NA,NA,NA
"154",2025-09-08,3,NA,3.28571428571429,NA,NA,NA
"155",2025-09-09,14,NA,NA,13.2857142857143,NA,NA
"156",2025-09-09,13,NA,NA,NA,8.14285714285714,NA
"157",2025-09-09,7,NA,NA,NA,NA,3.57142857142857
"158",2025-09-09,302,240.428571428571,NA,NA,NA,NA
"159",2025-09-09,6,NA,3.85714285714286,NA,NA,NA
"160",2025-09-10,16,NA,NA,14.2857142857143,NA,NA
"161",2025-09-10,12,NA,NA,NA,8.42857142857143,NA
"162",2025-09-10,3,NA,NA,NA,NA,3.42857142857143
"163",2025-09-10,328,243,NA,NA,NA,NA
"164",2025-09-10,6,NA,3.85714285714286,NA,NA,NA
"165",2025-09-11,21,NA,NA,17.7142857142857,NA,NA
"166",2025-09-11,13,NA,NA,NA,9.71428571428571,NA
"167",2025-09-11,2,NA,NA,NA,NA,4.28571428571429
"168",2025-09-11,320,251.285714285714,NA,NA,NA,NA
"169",2025-09-11,1,NA,4.14285714285714,NA,NA,NA
"170",2025-09-12,27,NA,NA,21.7142857142857,NA,NA
"171",2025-09-12,4,NA,NA,NA,9.28571428571429,NA
"172",2025-09-12,2,NA,NA,NA,NA,4.14285714285714
"173",2025-09-12,285,261.714285714286,NA,NA,NA,NA
"174",2025-09-12,8,NA,5,NA,NA,NA
"175",2025-09-13,11,NA,NA,26,NA,NA
"176",2025-09-13,1,NA,NA,NA,NA,4.14285714285714
"177",2025-09-13,162,266.571428571429,NA,NA,NA,NA
"178",2025-09-13,2,NA,5.28571428571429,NA,NA,NA
"179",2025-09-14,29,NA,NA,30,NA,NA
"180",2025-09-14,3,NA,5.42857142857143,NA,9,NA
"181",2025-09-14,165,267.285714285714,NA,NA,NA,NA
"182",2025-09-15,34,NA,NA,34,NA,NA
"183",2025-09-15,10,NA,NA,NA,8.71428571428571,NA
"184",2025-09-15,270,267.857142857143,NA,NA,NA,NA
"185",2025-09-15,9,NA,5.57142857142857,NA,NA,NA
"186",2025-09-16,44,NA,NA,34.2857142857143,NA,NA
"187",2025-09-16,10,NA,NA,NA,7.71428571428571,NA
"188",2025-09-16,9,NA,NA,NA,NA,4.28571428571429
"189",2025-09-16,336,266.714285714286,NA,NA,NA,NA
"190",2025-09-16,8,NA,5.14285714285714,NA,NA,NA
"191",2025-09-17,44,NA,NA,35.8571428571429,NA,NA
"192",2025-09-17,11,NA,NA,NA,7.28571428571429,NA
"193",2025-09-17,5,NA,NA,NA,NA,4.14285714285714
"194",2025-09-17,333,268.571428571429,NA,NA,NA,NA
"195",2025-09-17,7,NA,6.28571428571429,NA,NA,NA
"196",2025-09-18,49,NA,NA,36.4285714285714,NA,NA
"197",2025-09-18,10,NA,NA,NA,8.28571428571429,NA
"198",2025-09-18,7,NA,NA,NA,NA,4
"199",2025-09-18,324,263.285714285714,NA,NA,NA,NA
"200",2025-09-18,2,NA,7,NA,NA,NA
"201",2025-09-19,29,NA,NA,33.8571428571429,NA,NA
"202",2025-09-19,6,NA,NA,NA,8.71428571428571,NA
"203",2025-09-19,4,NA,NA,NA,NA,4.14285714285714
"204",2025-09-19,277,261.714285714286,NA,NA,NA,NA
"205",2025-09-19,5,NA,6.71428571428571,NA,NA,NA
"206",2025-09-20,22,NA,NA,34.4285714285714,NA,NA
"207",2025-09-20,1,NA,NA,NA,8,3.85714285714286
"208",2025-09-20,175,264.428571428571,NA,NA,NA,NA
"209",2025-09-21,33,NA,NA,34.1428571428571,NA,NA
"210",2025-09-21,128,252.714285714286,NA,NA,NA,NA
"211",2025-09-21,10,NA,6.28571428571429,NA,NA,NA
"212",2025-09-22,16,NA,NA,32.5714285714286,NA,NA
"213",2025-09-22,10,NA,NA,NA,8,NA
"214",2025-09-22,1,NA,NA,NA,NA,4.57142857142857
"215",2025-09-22,259,244.714285714286,NA,NA,NA,NA
"216",2025-09-22,8,NA,8.57142857142857,NA,NA,NA
"217",2025-09-23,48,NA,NA,31.2857142857143,NA,NA
"218",2025-09-23,13,NA,NA,NA,7.28571428571429,NA
"219",2025-09-23,2,NA,NA,NA,NA,5.14285714285714
"220",2025-09-23,355,245.285714285714,NA,NA,NA,NA
"221",2025-09-23,7,NA,9,NA,NA,NA
"222",2025-09-24,42,NA,NA,31.7142857142857,NA,NA
"223",2025-09-24,5,NA,8.42857142857143,NA,6.85714285714286,NA
"224",2025-09-24,7,NA,NA,NA,NA,5.28571428571429
"225",2025-09-24,251,246.142857142857,NA,NA,NA,NA
"226",2025-09-25,38,NA,NA,33.4285714285714,NA,NA
"227",2025-09-25,11,NA,NA,NA,8.85714285714286,NA
"228",2025-09-25,10,NA,NA,NA,NA,5.85714285714286
"229",2025-09-25,268,251.285714285714,NA,NA,NA,NA
"230",2025-09-25,23,NA,7.14285714285714,NA,NA,NA
"231",2025-09-26,20,NA,NA,36,NA,NA
"232",2025-09-26,5,NA,6.71428571428571,NA,8.71428571428571,NA
"233",2025-09-26,281,240.857142857143,NA,NA,NA,NA
"234",2025-09-27,25,NA,NA,36.8571428571429,NA,NA
"235",2025-09-27,181,238.714285714286,NA,NA,NA,NA
"236",2025-09-27,1,NA,6.14285714285714,NA,NA,NA
"237",2025-09-28,45,NA,NA,39.7142857142857,NA,NA
"238",2025-09-28,3,NA,NA,NA,8.57142857142857,NA
"239",2025-09-28,164,253.285714285714,NA,NA,NA,NA
"240",2025-09-28,1,NA,6.42857142857143,NA,NA,NA
"241",2025-09-29,34,NA,NA,41.1428571428571,NA,NA
"242",2025-09-29,15,NA,NA,NA,9.71428571428571,NA
"243",2025-09-29,11,NA,NA,NA,NA,6
"244",2025-09-29,186,262.714285714286,NA,NA,NA,NA
"245",2025-09-29,5,NA,4.57142857142857,NA,NA,NA
"246",2025-09-30,54,NA,NA,44.5714285714286,NA,NA
"247",2025-09-30,9,NA,NA,NA,9.57142857142857,NA
"248",2025-09-30,5,NA,NA,NA,NA,6
"249",2025-09-30,340,281.571428571429,NA,NA,NA,NA
"250",2025-09-30,3,NA,4.57142857142857,NA,NA,NA
"251",2025-10-01,62,NA,NA,48,NA,NA
"252",2025-10-01,12,NA,NA,NA,9.14285714285714,NA
"253",2025-10-01,5,NA,NA,NA,NA,5.14285714285714
"254",2025-10-01,353,280.428571428571,NA,NA,NA,NA
"255",2025-10-01,7,NA,4.85714285714286,NA,NA,NA
"256",2025-10-02,48,NA,NA,47.5714285714286,NA,NA
"257",2025-10-02,13,NA,NA,NA,9.28571428571429,NA
"258",2025-10-02,2,NA,NA,NA,NA,3.85714285714286
"259",2025-10-02,334,277.571428571429,NA,NA,NA,NA
"260",2025-10-02,10,NA,5,NA,NA,NA
"261",2025-10-03,44,NA,NA,49,NA,NA
"262",2025-10-03,10,NA,NA,NA,8.14285714285714,NA
"263",2025-10-03,2,NA,NA,NA,NA,3.14285714285714
"264",2025-10-03,413,279,NA,NA,NA,NA
"265",2025-10-03,5,NA,4.85714285714286,NA,NA,NA
"266",2025-10-04,49,NA,NA,48.2857142857143,NA,NA
"267",2025-10-04,2,NA,NA,NA,9,NA
"268",2025-10-04,1,NA,NA,NA,NA,3.14285714285714
"269",2025-10-04,173,277.428571428571,NA,NA,NA,NA
"270",2025-10-04,3,NA,6.57142857142857,NA,NA,NA
"271",2025-10-05,42,NA,NA,45.7142857142857,NA,NA
"272",2025-10-05,4,NA,NA,NA,9.71428571428571,NA
"273",2025-10-05,144,280,NA,NA,NA,NA
"274",2025-10-05,2,NA,6,NA,NA,NA
"275",2025-10-06,44,NA,NA,47,NA,NA
"276",2025-10-06,7,NA,NA,NA,10,NA
"277",2025-10-06,1,NA,NA,NA,NA,2.85714285714286
"278",2025-10-06,196,278.142857142857,NA,NA,NA,NA
"279",2025-10-06,4,NA,5.14285714285714,NA,NA,NA
"280",2025-10-07,49,NA,NA,50.8571428571429,NA,NA
"281",2025-10-07,15,NA,5.57142857142857,NA,9,NA
"282",2025-10-07,6,NA,NA,NA,NA,2.71428571428571
"283",2025-10-07,329,271.428571428571,NA,NA,NA,NA
"284",2025-10-08,44,NA,NA,52.1428571428571,NA,NA
"285",2025-10-08,17,NA,NA,NA,8.85714285714286,NA
"286",2025-10-08,5,NA,NA,NA,NA,3.14285714285714
"287",2025-10-08,371,265.714285714286,NA,NA,NA,NA
"288",2025-10-08,3,NA,5.42857142857143,NA,NA,NA
"289",2025-10-09,57,NA,NA,56.1428571428571,NA,NA
"290",2025-10-09,15,NA,NA,NA,9,NA
"291",2025-10-09,3,NA,NA,NA,NA,3.14285714285714
"292",2025-10-09,321,264.571428571429,NA,NA,NA,NA
"293",2025-10-09,4,NA,5.28571428571429,NA,NA,NA
"294",2025-10-10,71,NA,NA,61.5714285714286,NA,NA
"295",2025-10-10,3,NA,NA,NA,8.42857142857143,NA
"296",2025-10-10,1,NA,NA,NA,NA,4
"297",2025-10-10,366,255.714285714286,NA,NA,NA,NA
"298",2025-10-10,8,NA,5.71428571428571,NA,NA,NA
"299",2025-10-11,58,NA,NA,65.1428571428571,NA,NA
"300",2025-10-11,5,NA,NA,NA,NA,4.57142857142857
"301",2025-10-11,133,250.857142857143,NA,NA,NA,NA
"302",2025-10-12,70,NA,NA,69.4285714285714,NA,NA
"303",2025-10-12,1,NA,NA,NA,8.14285714285714,8.57142857142857
"304",2025-10-12,136,248.571428571429,NA,NA,NA,NA
"305",2025-10-12,2,NA,4.71428571428571,NA,NA,NA
"306",2025-10-13,82,NA,NA,72.2857142857143,NA,NA
"307",2025-10-13,5,NA,NA,NA,7.14285714285714,NA
"308",2025-10-13,7,NA,NA,NA,NA,9.71428571428571
"309",2025-10-13,134,247.428571428571,NA,NA,NA,NA
"310",2025-10-13,1,NA,5.14285714285714,NA,NA,NA
"311",2025-10-14,74,NA,NA,73.1428571428571,NA,NA
"312",2025-10-14,3,NA,NA,NA,5.14285714285714,NA
"313",2025-10-14,10,NA,NA,NA,NA,12
"314",2025-10-14,295,250.428571428571,NA,NA,NA,NA
"315",2025-10-14,7,NA,5.42857142857143,NA,NA,NA
"316",2025-10-15,74,NA,NA,72.5714285714286,NA,NA
"317",2025-10-15,13,NA,NA,NA,4.85714285714286,NA
"318",2025-10-15,33,NA,NA,NA,NA,11.8571428571429
"319",2025-10-15,355,251.285714285714,NA,NA,NA,NA
"320",2025-10-15,8,NA,4.42857142857143,NA,NA,NA
"321",2025-10-16,77,NA,NA,72.7142857142857,NA,NA
"322",2025-10-16,10,NA,NA,NA,7.28571428571429,NA
"323",2025-10-16,11,NA,NA,NA,NA,12.8571428571429
"324",2025-10-16,313,250.714285714286,NA,NA,NA,NA
"325",2025-10-16,6,NA,4.42857142857143,NA,NA,NA
"326",2025-10-17,77,NA,NA,70.7142857142857,NA,NA
"327",2025-10-17,17,NA,NA,NA,NA,14.7142857142857
"328",2025-10-17,387,266.571428571429,NA,NA,NA,NA
"329",2025-10-17,6,NA,5,NA,NA,NA
"330",2025-10-18,54,NA,NA,71.5714285714286,NA,NA
"331",2025-10-18,1,NA,5,NA,8.14285714285714,NA
"332",2025-10-18,4,NA,NA,NA,NA,15
"333",2025-10-18,139,275.428571428571,NA,NA,NA,NA
"334",2025-10-19,71,NA,NA,72.8571428571429,NA,NA
"335",2025-10-19,1,NA,NA,NA,9,NA
"336",2025-10-19,8,NA,NA,NA,NA,11.7142857142857
"337",2025-10-19,132,276.142857142857,NA,NA,NA,NA
"338",2025-10-19,2,NA,4.14285714285714,NA,NA,NA
"339",2025-10-20,68,NA,NA,72.7142857142857,NA,NA
"340",2025-10-20,18,NA,NA,NA,8,NA
"341",2025-10-20,20,NA,NA,NA,NA,12.5714285714286
"342",2025-10-20,245,281.571428571429,NA,NA,NA,NA
"343",2025-10-20,5,NA,4.42857142857143,NA,NA,NA
"344",2025-10-21,80,NA,NA,72.1428571428571,NA,NA
"345",2025-10-21,11,NA,NA,NA,7.71428571428571,NA
"346",2025-10-21,12,NA,NA,NA,NA,13.5714285714286
"347",2025-10-21,357,276.714285714286,NA,NA,NA,NA
"348",2025-10-21,7,NA,4.28571428571429,NA,NA,NA
"349",2025-10-22,83,NA,NA,73.4285714285714,NA,NA
"350",2025-10-22,9,NA,NA,NA,8.28571428571429,NA
"351",2025-10-22,10,NA,NA,NA,NA,15
"352",2025-10-22,360,283.857142857143,NA,NA,NA,NA
"353",2025-10-22,2,NA,4.42857142857143,NA,NA,NA
"354",2025-10-23,76,NA,NA,71.5714285714286,NA,NA
"355",2025-10-23,6,NA,NA,NA,8.28571428571429,NA
"356",2025-10-23,17,NA,NA,NA,NA,16.4285714285714
"357",2025-10-23,351,294.571428571429,NA,NA,NA,NA
"358",2025-10-23,8,NA,4.28571428571429,NA,NA,NA
"359",2025-10-24,73,NA,NA,72.5714285714286,NA,NA
"360",2025-10-24,8,NA,NA,NA,7.71428571428571,NA
"361",2025-10-24,24,NA,NA,NA,NA,16.1428571428571
"362",2025-10-24,353,312.714285714286,NA,NA,NA,NA
"363",2025-10-24,5,NA,4.57142857142857,NA,NA,NA
"364",2025-10-25,63,NA,NA,72.7142857142857,NA,NA
"365",2025-10-25,5,NA,NA,NA,7.28571428571429,NA
"366",2025-10-25,14,NA,NA,NA,NA,18.5714285714286
"367",2025-10-25,189,317.571428571429,NA,NA,NA,NA
"368",2025-10-25,2,NA,5.42857142857143,NA,NA,NA
"369",2025-10-26,58,NA,NA,72.4285714285714,NA,NA
"370",2025-10-26,1,NA,5.71428571428571,NA,7.71428571428571,NA
"371",2025-10-26,18,NA,NA,NA,NA,22.8571428571429
"372",2025-10-26,207,332.428571428571,NA,NA,NA,NA
"373",2025-10-27,75,NA,NA,74.2857142857143,NA,NA
"374",2025-10-27,14,NA,NA,NA,8.28571428571429,NA
"375",2025-10-27,18,NA,NA,NA,NA,28.7142857142857
"376",2025-10-27,372,345.142857142857,NA,NA,NA,NA
"377",2025-10-27,7,NA,6,NA,NA,NA
"378",2025-10-28,81,NA,NA,77.2857142857143,NA,NA
"379",2025-10-28,8,NA,NA,NA,8.14285714285714,NA
"380",2025-10-28,29,NA,NA,NA,NA,28.1428571428571
"381",2025-10-28,391,337.714285714286,NA,NA,NA,NA
"382",2025-10-28,13,NA,6.42857142857143,NA,NA,NA
"383",2025-10-29,81,NA,NA,79.1428571428571,NA,NA
"384",2025-10-29,12,NA,NA,NA,7.57142857142857,NA
"385",2025-10-29,40,NA,NA,NA,NA,28.5714285714286
"386",2025-10-29,464,341.714285714286,NA,NA,NA,NA
"387",2025-10-29,4,NA,6.85714285714286,NA,NA,NA
"388",2025-10-30,89,NA,NA,80,NA,NA
"389",2025-10-30,10,NA,7,NA,7.57142857142857,NA
"390",2025-10-30,58,NA,NA,NA,NA,29
"391",2025-10-30,440,345.571428571429,NA,NA,NA,NA
"392",2025-10-31,94,NA,NA,77.7142857142857,NA,NA
"393",2025-10-31,7,NA,NA,NA,7.57142857142857,NA
"394",2025-10-31,20,NA,NA,NA,NA,29.8571428571429
"395",2025-10-31,301,334,NA,NA,NA,NA
"396",2025-10-31,8,NA,6.71428571428571,NA,NA,NA
"397",2025-11-01,76,NA,NA,76.7142857142857,NA,NA
"398",2025-11-01,1,NA,NA,NA,8.14285714285714,NA
"399",2025-11-01,17,NA,NA,NA,NA,28
"400",2025-11-01,217,325.428571428571,NA,NA,NA,NA
"401",2025-11-01,5,NA,5.71428571428571,NA,NA,NA
"402",2025-11-02,64,NA,NA,77.2857142857143,NA,NA
"403",2025-11-02,1,NA,NA,NA,8.14285714285714,NA
"404",2025-11-02,21,NA,NA,NA,NA,25.8571428571429
"405",2025-11-02,234,316.428571428571,NA,NA,NA,NA
"406",2025-11-02,2,NA,6.28571428571429,NA,NA,NA
"407",2025-11-03,59,NA,NA,73.8571428571429,NA,NA
"408",2025-11-03,14,NA,NA,NA,8.42857142857143,NA
"409",2025-11-03,24,NA,NA,NA,NA,19.8571428571429
"410",2025-11-03,291,299.142857142857,NA,NA,NA,NA
"411",2025-11-03,5,NA,5.85714285714286,NA,NA,NA
"412",2025-11-04,74,NA,NA,69.7142857142857,NA,NA
"413",2025-11-04,12,NA,NA,NA,8.57142857142857,NA
"414",2025-11-04,16,NA,NA,NA,NA,19.2857142857143
"415",2025-11-04,331,308.714285714286,NA,NA,NA,NA
"416",2025-11-04,6,NA,5.14285714285714,NA,NA,NA
"417",2025-11-05,85,NA,NA,66.4285714285714,NA,NA
"418",2025-11-05,12,NA,NA,NA,8.71428571428571,NA
"419",2025-11-05,25,NA,NA,NA,NA,19.7142857142857
"420",2025-11-05,401,301.142857142857,NA,NA,NA,NA
"421",2025-11-05,8,NA,5.14285714285714,NA,NA,NA
"422",2025-11-06,65,NA,NA,60.2857142857143,NA,NA
"423",2025-11-06,12,NA,NA,NA,9.42857142857143,NA
"424",2025-11-06,16,NA,NA,NA,NA,17.2857142857143
"425",2025-11-06,319,290.142857142857,NA,NA,NA,NA
"426",2025-11-06,7,NA,5.28571428571429,NA,NA,NA
"427",2025-11-07,65,NA,NA,56.7142857142857,NA,NA
"428",2025-11-07,8,NA,NA,NA,7.85714285714286,NA
"429",2025-11-07,16,NA,NA,NA,NA,17.1428571428571
"430",2025-11-07,368,296.571428571429,NA,NA,NA,NA
"431",2025-11-07,3,NA,5.28571428571429,NA,NA,NA
"432",2025-11-08,53,NA,NA,48,NA,NA
"433",2025-11-08,20,NA,NA,NA,NA,20.2857142857143
"434",2025-11-08,164,286.285714285714,NA,NA,NA,NA
"435",2025-11-08,5,NA,4.85714285714286,NA,NA,NA
"436",2025-11-09,21,NA,NA,40,NA,NA
"437",2025-11-09,2,NA,NA,NA,7.57142857142857,NA
"438",2025-11-09,4,NA,NA,NA,NA,18.5714285714286
"439",2025-11-09,157,283.428571428571,NA,NA,NA,NA
"440",2025-11-09,3,NA,5.28571428571429,NA,NA,NA
"441",2025-11-10,34,NA,NA,34,NA,NA
"442",2025-11-10,6,NA,NA,NA,6.71428571428571,NA
"443",2025-11-10,23,NA,NA,NA,NA,17
"444",2025-11-10,336,295.285714285714,NA,NA,NA,NA
"445",2025-11-10,5,NA,5.71428571428571,NA,NA,NA
"446",2025-11-11,13,NA,NA,25.7142857142857,NA,NA
"447",2025-11-11,3,NA,5.42857142857143,NA,6.42857142857143,NA
"448",2025-11-11,38,NA,NA,NA,NA,16.4285714285714
"449",2025-11-11,259,302.142857142857,NA,NA,NA,NA
"450",2025-11-12,29,NA,NA,18.2857142857143,NA,NA
"451",2025-11-12,10,NA,NA,NA,5.42857142857143,NA
"452",2025-11-12,13,NA,NA,NA,NA,15.2857142857143
"453",2025-11-12,381,307.714285714286,NA,NA,NA,NA
"454",2025-11-12,11,NA,4.85714285714286,NA,NA,NA
"455",2025-11-13,23,NA,NA,15.4285714285714,NA,NA
"456",2025-11-13,6,NA,NA,NA,6.28571428571429,NA
"457",2025-11-13,5,NA,NA,NA,NA,17.8571428571429
"458",2025-11-13,402,321.571428571429,NA,NA,NA,NA
"459",2025-11-13,10,NA,4.57142857142857,NA,NA,NA
"460",2025-11-14,7,NA,NA,12.4285714285714,NA,NA
"461",2025-11-14,10,NA,NA,NA,7.85714285714286,NA
"462",2025-11-14,12,NA,NA,NA,NA,17.8571428571429
"463",2025-11-14,416,329,NA,NA,NA,NA
"464",2025-11-14,1,NA,4.85714285714286,NA,NA,NA
"465",2025-11-15,1,NA,5.71428571428571,13.8571428571429,NA,NA
"466",2025-11-15,12,NA,NA,NA,NA,15.5714285714286
"467",2025-11-15,203,335.428571428571,NA,NA,NA,NA
"468",2025-11-16,1,NA,6.42857142857143,10.5714285714286,8.42857142857143,NA
"469",2025-11-16,22,NA,NA,NA,NA,15.8571428571429
"470",2025-11-16,254,330.285714285714,NA,NA,NA,NA
"471",2025-11-17,13,NA,NA,9,NA,NA
"472",2025-11-17,8,NA,NA,NA,7.57142857142857,NA
"473",2025-11-17,23,NA,NA,NA,NA,17.7142857142857
"474",2025-11-17,388,325.857142857143,NA,NA,NA,NA
"475",2025-11-17,7,NA,6.42857142857143,NA,NA,NA
"476",2025-11-18,23,NA,NA,11,NA,NA
"477",2025-11-18,17,NA,NA,NA,7.14285714285714,NA
"478",2025-11-18,22,NA,NA,NA,NA,17.8571428571429
"479",2025-11-18,304,320.857142857143,NA,NA,NA,NA
"480",2025-11-18,9,NA,7,NA,NA,NA
"481",2025-11-19,6,NA,NA,11.7142857142857,NA,NA
"482",2025-11-19,7,NA,NA,NA,6,NA
"483",2025-11-19,15,NA,NA,NA,NA,17.4285714285714
"484",2025-11-19,345,318.571428571429,NA,NA,NA,NA
"485",2025-11-19,16,NA,7,NA,NA,NA
"486",2025-11-20,12,NA,NA,12.2857142857143,NA,NA
"487",2025-11-20,4,NA,NA,NA,6.14285714285714,NA
"488",2025-11-20,18,NA,NA,NA,NA,15.5714285714286
"489",2025-11-20,371,307,NA,NA,NA,NA
"490",2025-11-20,10,NA,7,NA,NA,NA
"491",2025-11-21,21,NA,NA,12,NA,NA
"492",2025-11-21,3,NA,NA,NA,6.85714285714286,NA
"493",2025-11-21,13,NA,NA,NA,NA,14.2857142857143
"494",2025-11-21,381,294.714285714286,NA,NA,NA,NA
"495",2025-11-21,5,NA,6.14285714285714,NA,NA,NA
"496",2025-11-22,6,NA,NA,11.7142857142857,NA,NA
"497",2025-11-22,2,NA,NA,NA,5,NA
"498",2025-11-22,9,NA,NA,NA,NA,13.7142857142857
"499",2025-11-22,187,300.857142857143,NA,NA,NA,NA
"500",2025-11-22,1,NA,5.71428571428571,NA,NA,NA
"501",2025-11-23,5,NA,NA,12.7142857142857,NA,NA
"502",2025-11-23,2,NA,NA,NA,5,NA
"503",2025-11-23,9,NA,NA,NA,NA,12.8571428571429
"504",2025-11-23,173,305.142857142857,NA,NA,NA,NA
"505",2025-11-23,1,NA,4.14285714285714,NA,NA,NA
"506",2025-11-24,11,NA,NA,11.1428571428571,NA,NA
"507",2025-11-24,13,NA,NA,NA,4.57142857142857,NA
"508",2025-11-24,14,NA,NA,NA,NA,11.4285714285714
"509",2025-11-24,302,267.142857142857,NA,NA,NA,NA
"510",2025-11-24,1,NA,2.85714285714286,NA,NA,NA
"511",2025-11-25,21,NA,NA,8.57142857142857,NA,NA
"512",2025-11-25,4,NA,NA,NA,4.57142857142857,NA
"513",2025-11-25,18,NA,NA,NA,NA,10.2857142857143
"514",2025-11-25,347,234,NA,NA,NA,NA
"515",2025-11-25,6,NA,2.42857142857143,NA,NA,NA
"516",2025-11-26,13,NA,NA,8.14285714285714,NA,NA
"517",2025-11-26,7,NA,NA,NA,4.57142857142857,NA
"518",2025-11-26,9,NA,NA,NA,NA,11.2857142857143
"519",2025-11-26,375,217.571428571429,NA,NA,NA,NA
"520",2025-11-26,5,NA,2.42857142857143,NA,NA,NA
"521",2025-11-27,1,NA,NA,7.85714285714286,4.57142857142857,NA
"522",2025-11-27,8,NA,NA,NA,NA,12
"523",2025-11-27,105,204.142857142857,NA,NA,NA,NA
"524",2025-11-28,3,NA,NA,9.28571428571429,5,NA
"525",2025-11-28,5,NA,NA,NA,NA,13
"526",2025-11-28,149,196.857142857143,NA,NA,NA,NA
"527",2025-11-28,1,NA,2.85714285714286,NA,NA,NA
"528",2025-11-29,3,NA,NA,8.42857142857143,NA,NA
"529",2025-11-29,2,NA,3.57142857142857,NA,8.71428571428571,NA
"530",2025-11-29,16,NA,NA,NA,NA,13.7142857142857
"531",2025-11-29,72,200.142857142857,NA,NA,NA,NA
"532",2025-11-30,3,NA,NA,8.28571428571429,NA,NA
"533",2025-11-30,2,NA,NA,NA,13.8571428571429,NA
"534",2025-11-30,14,NA,NA,NA,NA,16.1428571428571
"535",2025-11-30,79,202.714285714286,NA,NA,NA,NA
"536",2025-12-01,21,NA,NA,10.1428571428571,NA,17.8571428571429
"537",2025-12-01,16,NA,NA,NA,22.5714285714286,NA
"538",2025-12-01,251,242.142857142857,NA,NA,NA,NA
"539",2025-12-01,1,NA,3.42857142857143,NA,NA,NA
"540",2025-12-02,15,NA,NA,11.4285714285714,NA,NA
"541",2025-12-02,30,NA,NA,NA,30.5714285714286,NA
"542",2025-12-02,23,NA,NA,NA,NA,19.2857142857143
"543",2025-12-02,370,277.428571428571,NA,NA,NA,NA
"544",2025-12-02,4,NA,3.57142857142857,NA,NA,NA
"545",2025-12-03,12,NA,NA,12.4285714285714,NA,NA
"546",2025-12-03,43,NA,NA,NA,36,NA
"547",2025-12-03,26,NA,NA,NA,NA,18.7142857142857
"548",2025-12-03,393,298.428571428571,NA,NA,NA,NA
"549",2025-12-03,6,NA,4,NA,NA,NA
"550",2025-12-04,14,NA,NA,12.5714285714286,NA,NA
"551",2025-12-04,62,NA,NA,NA,40.4285714285714,NA
"552",2025-12-04,20,NA,NA,NA,NA,18.4285714285714
"553",2025-12-04,381,310.857142857143,NA,NA,NA,NA
"554",2025-12-04,5,NA,3.85714285714286,NA,NA,NA
"555",2025-12-05,12,NA,NA,11.5714285714286,NA,NA
"556",2025-12-05,59,NA,NA,NA,40.8571428571429,NA
"557",2025-12-05,15,NA,NA,NA,NA,17.8571428571429
"558",2025-12-05,396,319.857142857143,NA,NA,NA,NA
"559",2025-12-05,6,NA,5.57142857142857,NA,NA,NA
"560",2025-12-06,10,NA,NA,12,NA,NA
"561",2025-12-06,40,NA,NA,NA,38.8571428571429,NA
"562",2025-12-06,12,NA,NA,NA,NA,16.4285714285714
"563",2025-12-06,219,312.142857142857,NA,NA,NA,NA
"564",2025-12-06,4,NA,5.57142857142857,NA,NA,NA
"565",2025-12-07,4,NA,NA,11.8571428571429,NA,NA
"566",2025-12-07,33,NA,NA,NA,38.7142857142857,NA
"567",2025-12-07,12,NA,NA,NA,NA,15.4285714285714
"568",2025-12-07,166,306.857142857143,NA,NA,NA,NA
"569",2025-12-07,1,NA,6.28571428571429,NA,NA,NA
"570",2025-12-08,14,NA,NA,11.5714285714286,NA,NA
"571",2025-12-08,19,NA,NA,NA,36.7142857142857,NA
"572",2025-12-08,17,NA,NA,NA,NA,15.7142857142857
"573",2025-12-08,314,307.428571428571,NA,NA,NA,NA
"574",2025-12-09,18,NA,NA,13.2857142857143,NA,NA
"575",2025-12-09,16,NA,NA,NA,36.2857142857143,NA
"576",2025-12-09,13,NA,6.71428571428571,NA,NA,15.4285714285714
"577",2025-12-09,316,302.571428571429,NA,NA,NA,NA
"578",2025-12-10,11,NA,NA,12.2857142857143,NA,NA
"579",2025-12-10,42,NA,NA,NA,36,NA
"580",2025-12-10,19,NA,NA,NA,NA,14.2857142857143
"581",2025-12-10,356,301.857142857143,NA,NA,NA,NA
"582",2025-12-10,4,NA,6,NA,NA,NA
"583",2025-12-11,12,NA,NA,11.8571428571429,NA,NA
"584",2025-12-11,48,NA,NA,NA,36.4285714285714,NA
"585",2025-12-11,22,NA,NA,NA,NA,13
"586",2025-12-11,385,304.285714285714,NA,NA,NA,NA
"587",2025-12-11,11,NA,6,NA,NA,NA
"588",2025-12-12,24,NA,NA,11.8571428571429,NA,NA
"589",2025-12-12,56,NA,NA,NA,40.4285714285714,NA
"590",2025-12-12,13,NA,NA,NA,NA,12.2857142857143
"591",2025-12-12,362,296.571428571429,NA,NA,NA,NA
"592",2025-12-12,8,NA,7.28571428571429,NA,NA,NA
"593",2025-12-13,3,NA,NA,15.1428571428571,NA,NA
"594",2025-12-13,38,NA,NA,NA,40.2857142857143,NA
"595",2025-12-13,4,NA,NA,NA,NA,12.4285714285714
"596",2025-12-13,214,299.714285714286,NA,NA,NA,NA
"597",2025-12-13,1,NA,6.71428571428571,NA,NA,NA
"598",2025-12-14,1,NA,NA,20.8571428571429,NA,NA
"599",2025-12-14,36,NA,NA,NA,34.7142857142857,NA
"600",2025-12-14,3,NA,NA,NA,NA,10.8571428571429
"601",2025-12-14,183,297.571428571429,NA,NA,NA,NA
"602",2025-12-15,14,NA,NA,22.1428571428571,NA,NA
"603",2025-12-15,47,NA,NA,NA,28.7142857142857,NA
"604",2025-12-15,12,NA,NA,NA,NA,8.85714285714286
"605",2025-12-15,260,305.142857142857,NA,NA,NA,NA
"606",2025-12-15,4,NA,6.57142857142857,NA,NA,NA
"607",2025-12-16,41,NA,NA,20.4285714285714,NA,NA
"608",2025-12-16,15,NA,NA,NA,21.8571428571429,NA
"609",2025-12-16,14,NA,NA,NA,NA,8.42857142857143
"610",2025-12-16,338,303.857142857143,NA,NA,NA,NA
"611",2025-12-16,10,NA,6.57142857142857,NA,NA,NA
"612",2025-12-17,51,NA,NA,20.1428571428571,NA,NA
"613",2025-12-17,3,NA,NA,NA,17.5714285714286,NA
"614",2025-12-17,8,NA,NA,NA,NA,8.28571428571429
"615",2025-12-17,341,299.857142857143,NA,NA,NA,NA
"616",2025-12-17,9,NA,6,NA,NA,NA
"617",2025-12-18,21,NA,NA,20.1428571428571,NA,NA
"618",2025-12-18,6,NA,NA,NA,13.4285714285714,NA
"619",2025-12-18,8,NA,NA,NA,NA,8.42857142857143
"620",2025-12-18,438,300.285714285714,NA,NA,NA,NA
"621",2025-12-18,3,NA,6.28571428571429,NA,NA,NA
"622",2025-12-19,12,NA,NA,19.2857142857143,NA,NA
"623",2025-12-19,8,NA,NA,NA,9.57142857142857,NA
"624",2025-12-19,10,NA,NA,NA,NA,7.71428571428571
"625",2025-12-19,353,296.857142857143,NA,NA,NA,NA
"626",2025-12-19,11,NA,6.42857142857143,NA,NA,NA
"627",2025-12-20,1,NA,NA,14.5714285714286,NA,NA
"628",2025-12-20,8,NA,NA,NA,12.1428571428571,NA
"629",2025-12-20,3,NA,NA,NA,NA,7.42857142857143
"630",2025-12-20,186,297.571428571429,NA,NA,NA,NA
"631",2025-12-20,4,NA,7.42857142857143,NA,NA,NA
"632",2025-12-21,1,NA,NA,7.42857142857143,NA,NA
"633",2025-12-21,7,NA,NA,NA,13.8571428571429,NA
"634",2025-12-21,4,NA,NA,NA,NA,6.71428571428571
"635",2025-12-21,186,281.285714285714,NA,NA,NA,NA
"636",2025-12-21,3,NA,6.28571428571429,NA,NA,NA
"637",2025-12-22,8,NA,NA,4.71428571428571,NA,NA
"638",2025-12-22,20,NA,NA,NA,13.1428571428571,NA
"639",2025-12-22,7,NA,NA,NA,NA,6
"640",2025-12-22,236,233.428571428571,NA,NA,NA,NA
"641",2025-12-22,5,NA,6,NA,NA,NA
"642",2025-12-23,8,NA,NA,3.14285714285714,NA,NA
"643",2025-12-23,33,NA,NA,NA,15,NA
"644",2025-12-23,12,NA,NA,NA,NA,6.14285714285714
"645",2025-12-23,343,208.571428571429,NA,NA,NA,NA
"646",2025-12-23,17,NA,5.85714285714286,NA,NA,NA
"647",2025-12-24,1,NA,5.42857142857143,3.14285714285714,NA,NA
"648",2025-12-24,15,NA,NA,NA,16.5714285714286,NA
"649",2025-12-24,3,NA,NA,NA,NA,6.28571428571429
"650",2025-12-24,227,203.142857142857,NA,NA,NA,NA
"651",2025-12-25,2,NA,NA,3.42857142857143,NA,NA
"652",2025-12-25,1,NA,NA,NA,16,NA
"653",2025-12-25,3,NA,NA,NA,NA,6.28571428571429
"654",2025-12-25,103,195,NA,NA,NA,NA
"655",2025-12-26,1,NA,5.71428571428571,4.14285714285714,NA,NA
"656",2025-12-26,21,NA,NA,NA,14.7142857142857,NA
"657",2025-12-26,11,NA,NA,NA,NA,6.42857142857143
"658",2025-12-26,179,193.714285714286,NA,NA,NA,NA
"659",2025-12-27,19,NA,NA,NA,14.8571428571429,NA
"660",2025-12-27,4,NA,NA,NA,NA,5.71428571428571
"661",2025-12-27,148,191,NA,NA,NA,NA
"662",2025-12-27,10,NA,5.85714285714286,NA,NA,NA
"663",2025-12-28,1,NA,4.14285714285714,3.14285714285714,NA,NA
"664",2025-12-28,3,NA,NA,NA,16,NA
"665",2025-12-28,4,NA,NA,NA,NA,6.14285714285714
"666",2025-12-28,129,196.857142857143,NA,NA,NA,NA
"667",2025-12-29,3,NA,NA,3.14285714285714,NA,NA
"668",2025-12-29,11,NA,NA,NA,20,NA
"669",2025-12-29,8,NA,NA,NA,NA,6
"670",2025-12-29,227,204.428571428571,NA,NA,NA,NA
"671",2025-12-29,5,NA,4.14285714285714,NA,NA,NA
"672",2025-12-30,13,NA,NA,3.42857142857143,NA,NA
"673",2025-12-30,34,NA,NA,NA,20.2857142857143,NA
"674",2025-12-30,7,NA,NA,NA,NA,5.57142857142857
"675",2025-12-30,324,209.714285714286,NA,NA,NA,NA
"676",2025-12-30,6,NA,4.71428571428571,NA,NA,NA
"677",2025-12-31,1,NA,NA,3.42857142857143,NA,NA
"678",2025-12-31,23,NA,NA,NA,21,NA
"679",2025-12-31,6,NA,NA,NA,NA,5.14285714285714
"680",2025-12-31,268,212,NA,NA,NA,NA
"681",2025-12-31,5,NA,4.85714285714286,NA,NA,NA
"682",2026-01-01,1,NA,4.85714285714286,4.14285714285714,NA,NA
"683",2026-01-01,29,NA,NA,NA,22.5714285714286,NA
"684",2026-01-01,2,NA,NA,NA,NA,5.42857142857143
"685",2026-01-01,156,210.142857142857,NA,NA,NA,NA
"686",2026-01-02,4,NA,NA,4.71428571428571,NA,NA
"687",2026-01-02,23,NA,NA,NA,33.8571428571429,NA
"688",2026-01-02,8,NA,NA,NA,NA,5.28571428571429
"689",2026-01-02,216,218.714285714286,NA,NA,NA,NA
"690",2026-01-02,5,NA,5.42857142857143,NA,NA,NA
"691",2026-01-03,24,NA,NA,NA,43.1428571428571,NA
"692",2026-01-03,1,NA,NA,NA,NA,5
"693",2026-01-03,164,222.571428571429,NA,NA,NA,NA
"694",2026-01-03,11,NA,4.71428571428571,NA,NA,NA
"695",2026-01-04,1,NA,5,4.42857142857143,NA,NA
"696",2026-01-04,14,NA,NA,NA,54.7142857142857,NA
"697",2026-01-04,6,NA,NA,NA,NA,5.42857142857143
"698",2026-01-04,116,230,NA,NA,NA,NA
"699",2026-01-05,6,NA,NA,5.14285714285714,NA,NA
"700",2026-01-05,90,NA,NA,NA,69.4285714285714,NA
"701",2026-01-05,7,NA,NA,NA,NA,6.85714285714286
"702",2026-01-05,287,266.714285714286,NA,NA,NA,NA
"703",2026-01-05,9,NA,6.42857142857143,NA,NA,NA
"704",2026-01-06,7,NA,NA,7,NA,NA
"705",2026-01-06,99,NA,NA,NA,86,NA
"706",2026-01-06,5,NA,NA,NA,NA,6.28571428571429
"707",2026-01-06,351,284.714285714286,NA,NA,NA,NA
"708",2026-01-06,1,NA,6.42857142857143,NA,NA,NA
"709",2026-01-07,11,NA,NA,6.71428571428571,NA,NA
"710",2026-01-07,104,NA,NA,NA,101.428571428571,NA
"711",2026-01-07,9,NA,NA,NA,NA,6.42857142857143
"712",2026-01-07,320,293.285714285714,NA,NA,NA,NA
"713",2026-01-07,7,NA,5.14285714285714,NA,NA,NA
"714",2026-01-08,6,NA,NA,6.71428571428571,NA,NA
"715",2026-01-08,132,NA,NA,NA,118.571428571429,NA
"716",2026-01-08,12,NA,NA,NA,NA,5.71428571428571
"717",2026-01-08,413,303.428571428571,NA,NA,NA,NA
"718",2026-01-08,11,NA,5.71428571428571,NA,NA,NA
"719",2026-01-09,14,NA,NA,6.28571428571429,NA,NA
"720",2026-01-09,139,NA,NA,NA,119.857142857143,NA
"721",2026-01-09,4,NA,NA,NA,NA,5.42857142857143
"722",2026-01-09,342,307.571428571429,NA,NA,NA,NA
"723",2026-01-09,5,NA,5.57142857142857,NA,NA,NA
"724",2026-01-10,2,NA,6.85714285714286,8.14285714285714,NA,5.14285714285714
"725",2026-01-10,132,NA,NA,NA,122.857142857143,NA
"726",2026-01-10,224,306.857142857143,NA,NA,NA,NA
"727",2026-01-11,1,NA,NA,9.57142857142857,NA,4.28571428571429
"728",2026-01-11,134,NA,NA,NA,124.142857142857,NA
"729",2026-01-11,187,323.285714285714,NA,NA,NA,NA
"730",2026-01-12,3,NA,NA,9.71428571428571,NA,NA
"731",2026-01-12,99,NA,NA,NA,119.285714285714,NA
"732",2026-01-12,5,NA,6.42857142857143,NA,NA,3.57142857142857
"733",2026-01-12,316,315,NA,NA,NA,NA
"734",2026-01-13,20,NA,NA,9.14285714285714,NA,NA
"735",2026-01-13,120,NA,NA,NA,109.285714285714,NA
"736",2026-01-13,3,NA,NA,NA,NA,4
"737",2026-01-13,346,312,NA,NA,NA,NA
"738",2026-01-13,8,NA,5.57142857142857,NA,NA,NA
"739",2026-01-14,21,NA,NA,9.14285714285714,NA,NA
"740",2026-01-14,113,NA,NA,NA,98.1428571428571,NA
"741",2026-01-14,3,NA,NA,NA,NA,3.85714285714286
"742",2026-01-14,435,320.857142857143,NA,NA,NA,NA
"743",2026-01-14,10,NA,5.14285714285714,NA,NA,NA
"744",2026-01-15,7,NA,NA,10.8571428571429,NA,4.42857142857143
"745",2026-01-15,98,NA,NA,NA,83.8571428571429,NA
"746",2026-01-15,355,323.857142857143,NA,NA,NA,NA
"747",2026-01-15,4,NA,5.14285714285714,NA,NA,NA
"748",2026-01-16,10,NA,NA,12.5714285714286,NA,NA
"749",2026-01-16,69,NA,NA,NA,77.7142857142857,NA
"750",2026-01-16,7,NA,NA,NA,NA,4.28571428571429
"751",2026-01-16,321,308,NA,NA,NA,NA
"752",2026-01-16,5,NA,4.57142857142857,NA,NA,NA
"753",2026-01-17,54,NA,NA,NA,71.8571428571429,NA
"754",2026-01-17,286,294.714285714286,NA,NA,NA,NA
"755",2026-01-17,2,NA,4.14285714285714,NA,NA,NA
"756",2026-01-18,34,NA,NA,NA,65,NA
"757",2026-01-18,1,NA,NA,NA,NA,4.28571428571429
"758",2026-01-18,208,281,NA,NA,NA,NA
"759",2026-01-18,2,NA,3.57142857142857,NA,NA,NA
"760",2026-01-19,2,NA,NA,12.4285714285714,NA,NA
"761",2026-01-19,56,NA,NA,NA,65,NA
"762",2026-01-19,205,280.428571428571,NA,NA,NA,NA
"763",2026-01-19,1,NA,4.28571428571429,NA,NA,NA
"764",2026-01-20,13,NA,NA,10.5714285714286,NA,NA
"765",2026-01-20,79,NA,NA,NA,67,NA
"766",2026-01-20,5,NA,4.42857142857143,NA,NA,4.28571428571429
"767",2026-01-20,253,285.428571428571,NA,NA,NA,NA
"768",2026-01-21,15,NA,NA,11.4285714285714,NA,NA
"769",2026-01-21,65,NA,NA,NA,67.2857142857143,NA
"770",2026-01-21,4,NA,NA,NA,NA,3.71428571428571
"771",2026-01-21,339,270.571428571429,NA,NA,NA,NA
"772",2026-01-21,6,NA,5,NA,NA,NA
"773",2026-01-22,19,NA,NA,11.5714285714286,NA,NA
"774",2026-01-22,98,NA,NA,NA,68.1428571428571,NA
"775",2026-01-22,3,NA,NA,NA,NA,2.85714285714286
"776",2026-01-22,351,250.857142857143,NA,NA,NA,NA
"777",2026-01-22,9,NA,5.14285714285714,NA,NA,NA
"778",2026-01-23,8,NA,NA,13.5714285714286,NA,NA
"779",2026-01-23,83,NA,NA,NA,71.4285714285714,NA
"780",2026-01-23,3,NA,NA,NA,NA,3.42857142857143
"781",2026-01-23,356,237.571428571429,NA,NA,NA,NA
"782",2026-01-23,6,NA,5.71428571428571,NA,NA,NA
"783",2026-01-24,56,NA,NA,NA,71.8571428571429,NA
"784",2026-01-24,3,NA,NA,NA,NA,3.14285714285714
"785",2026-01-24,182,237.428571428571,NA,NA,NA,NA
"786",2026-01-24,6,NA,6.57142857142857,NA,NA,NA
"787",2026-01-25,40,NA,NA,NA,71.7142857142857,NA
"788",2026-01-25,70,234.142857142857,NA,NA,NA,NA
"789",2026-01-25,3,NA,6.85714285714286,NA,NA,NA
"790",2026-01-26,13,NA,NA,14.4285714285714,NA,NA
"791",2026-01-26,79,NA,NA,NA,66.1428571428571,NA
"792",2026-01-26,1,NA,NA,NA,NA,2.85714285714286
"793",2026-01-26,112,233.857142857143,NA,NA,NA,NA
"794",2026-01-26,5,NA,6.57142857142857,NA,NA,NA
"795",2026-01-27,11,NA,6.71428571428571,12.5714285714286,NA,NA
"796",2026-01-27,82,NA,NA,NA,62.5714285714286,NA
"797",2026-01-27,5,NA,NA,NA,NA,2.71428571428571
"798",2026-01-27,252,224.285714285714,NA,NA,NA,NA
"799",2026-01-28,16,NA,NA,12,NA,NA
"800",2026-01-28,64,NA,NA,NA,61.1428571428571,NA
"801",2026-01-28,316,230.285714285714,NA,NA,NA,NA
"802",2026-01-28,8,NA,6,NA,NA,NA
"803",2026-01-29,19,NA,NA,14.1428571428571,NA,NA
"804",2026-01-29,59,NA,NA,NA,61.1428571428571,NA
"805",2026-01-29,349,246,NA,NA,NA,NA
"806",2026-01-29,7,NA,5.85714285714286,NA,NA,NA
"807",2026-01-30,2,NA,NA,14.7142857142857,NA,NA
"808",2026-01-30,58,NA,NA,NA,58,NA
"809",2026-01-30,3,NA,NA,NA,NA,2.71428571428571
"810",2026-01-30,289,262.285714285714,NA,NA,NA,NA
"811",2026-01-30,7,NA,6.28571428571429,NA,NA,NA
"812",2026-01-31,46,NA,NA,NA,52.8571428571429,NA
"813",2026-01-31,224,263.428571428571,NA,NA,NA,NA
"814",2026-01-31,1,NA,6.14285714285714,NA,NA,NA
"815",2026-02-01,40,NA,NA,NA,51,NA
"816",2026-02-01,180,255,NA,NA,NA,NA
"817",2026-02-01,2,NA,6.42857142857143,NA,NA,NA
"818",2026-02-02,15,NA,NA,16.7142857142857,NA,NA
"819",2026-02-02,57,NA,NA,NA,49.1428571428571,NA
"820",2026-02-02,2,NA,NA,NA,NA,2.57142857142857
"821",2026-02-02,226,248.285714285714,NA,NA,NA,NA
"822",2026-02-02,8,NA,6.42857142857143,NA,NA,NA
"823",2026-02-03,23,NA,NA,16.1428571428571,NA,NA
"824",2026-02-03,46,NA,NA,NA,47.4285714285714,NA
"825",2026-02-03,260,243.285714285714,NA,NA,NA,NA
"826",2026-02-03,10,NA,6.85714285714286,NA,NA,NA
"827",2026-02-04,17,NA,NA,13.5714285714286,NA,NA
"828",2026-02-04,51,NA,NA,NA,44.7142857142857,NA
"829",2026-02-04,2,NA,NA,NA,NA,2.85714285714286
"830",2026-02-04,257,237.428571428571,NA,NA,NA,NA
"831",2026-02-04,10,NA,7.14285714285714,NA,NA,NA
"832",2026-02-05,25,NA,NA,16,NA,NA
"833",2026-02-05,46,NA,NA,NA,44.2857142857143,NA
"834",2026-02-05,3,NA,NA,NA,NA,2.42857142857143
"835",2026-02-05,302,233.714285714286,NA,NA,NA,NA
"836",2026-02-05,7,NA,7.28571428571429,NA,NA,NA
"837",2026-02-06,12,NA,NA,15.8571428571429,NA,NA
"838",2026-02-06,46,NA,NA,NA,42.2857142857143,NA
"839",2026-02-06,254,227.571428571429,NA,NA,NA,NA
"840",2026-02-06,10,NA,7.28571428571429,NA,NA,NA
"841",2026-02-07,27,NA,NA,NA,43.4285714285714,NA
"842",2026-02-07,183,231.285714285714,NA,NA,NA,NA
"843",2026-02-07,3,NA,6.28571428571429,NA,NA,NA
"844",2026-02-08,1,NA,NA,15,NA,NA
"845",2026-02-08,37,NA,NA,NA,40.2857142857143,NA
"846",2026-02-08,154,233.714285714286,NA,NA,NA,NA
"847",2026-02-08,3,NA,6.57142857142857,NA,NA,NA
"848",2026-02-09,19,NA,NA,15.4285714285714,NA,NA
"849",2026-02-09,43,NA,NA,NA,36.7142857142857,NA
"850",2026-02-09,2,NA,NA,NA,NA,2.14285714285714
"851",2026-02-09,183,230.428571428571,NA,NA,NA,NA
"852",2026-02-09,8,NA,6.42857142857143,NA,NA,NA
"853",2026-02-10,14,NA,NA,13.2857142857143,NA,NA
"854",2026-02-10,54,NA,NA,NA,32.7142857142857,NA
"855",2026-02-10,3,NA,6.57142857142857,NA,NA,2
"856",2026-02-10,286,235,NA,NA,NA,NA
"857",2026-02-11,17,NA,NA,11.7142857142857,NA,NA
"858",2026-02-11,29,NA,NA,NA,29.2857142857143,NA
"859",2026-02-11,2,NA,NA,NA,NA,2.85714285714286
"860",2026-02-11,274,234,NA,NA,NA,NA
"861",2026-02-11,12,NA,6.28571428571429,NA,NA,NA
"862",2026-02-12,20,NA,NA,12,NA,NA
"863",2026-02-12,21,NA,NA,NA,24.1428571428571,NA
"864",2026-02-12,1,NA,NA,NA,NA,2.85714285714286
"865",2026-02-12,279,232.714285714286,NA,NA,NA,NA
"866",2026-02-12,6,NA,6.42857142857143,NA,NA,NA
"867",2026-02-13,10,NA,NA,9.57142857142857,NA,NA
"868",2026-02-13,18,NA,NA,NA,19.7142857142857,NA
"869",2026-02-13,1,NA,NA,NA,NA,2.71428571428571
"870",2026-02-13,286,229.714285714286,NA,NA,NA,NA
"871",2026-02-13,11,NA,6,NA,NA,NA
"872",2026-02-14,1,NA,7.14285714285714,10,NA,NA
"873",2026-02-14,3,NA,NA,NA,13.2857142857143,NA
"874",2026-02-14,176,222.285714285714,NA,NA,NA,NA
"875",2026-02-15,3,NA,NA,8.57142857142857,NA,NA
"876",2026-02-15,1,NA,NA,NA,10.2857142857143,NA
"877",2026-02-15,145,227,NA,NA,NA,NA
"878",2026-02-15,4,NA,6.14285714285714,NA,NA,NA
"879",2026-02-16,2,NA,NA,7.28571428571429,NA,NA
"880",2026-02-16,12,NA,NA,NA,8.14285714285714,NA
"881",2026-02-16,8,NA,NA,NA,NA,2.57142857142857
"882",2026-02-16,162,225.857142857143,NA,NA,NA,NA
"883",2026-02-16,5,NA,6,NA,NA,NA
"884",2026-02-17,17,NA,NA,7.14285714285714,NA,NA
"885",2026-02-17,9,NA,NA,NA,6.42857142857143,NA
"886",2026-02-17,3,NA,NA,NA,NA,2.42857142857143
"887",2026-02-17,234,224,NA,NA,NA,NA
"888",2026-02-17,11,NA,5.28571428571429,NA,NA,NA
"889",2026-02-18,7,NA,NA,7.28571428571429,NA,NA
"890",2026-02-18,8,NA,NA,NA,6.28571428571429,NA
"891",2026-02-18,1,NA,NA,NA,NA,2.42857142857143
"892",2026-02-18,307,227.428571428571,NA,NA,NA,NA
"893",2026-02-18,5,NA,5.28571428571429,NA,NA,NA
"894",2026-02-19,11,NA,NA,7.57142857142857,NA,NA
"895",2026-02-19,6,NA,NA,NA,6.42857142857143,NA
"896",2026-02-19,271,223.428571428571,NA,NA,NA,NA
"897",2026-02-19,5,NA,4.85714285714286,NA,NA,NA
"898",2026-02-20,9,NA,NA,8.57142857142857,NA,NA
"899",2026-02-20,6,NA,4.57142857142857,NA,5,NA
"900",2026-02-20,2,NA,NA,NA,NA,2.42857142857143
"901",2026-02-20,273,232.285714285714,NA,NA,NA,NA
"902",2026-02-21,2,NA,NA,7.71428571428571,4.42857142857143,NA
"903",2026-02-21,200,238.428571428571,NA,NA,NA,NA
"904",2026-02-21,1,NA,4.57142857142857,NA,NA,NA
"905",2026-02-22,5,NA,NA,8.57142857142857,NA,NA
"906",2026-02-22,2,NA,NA,NA,4.42857142857143,NA
"907",2026-02-22,117,234.285714285714,NA,NA,NA,NA
"908",2026-02-22,1,NA,5,NA,NA,NA
"909",2026-02-23,9,NA,NA,9,NA,NA
"910",2026-02-23,2,NA,NA,NA,3.71428571428571,NA
"911",2026-02-23,1,NA,NA,NA,NA,1.71428571428571
"912",2026-02-23,224,234,NA,NA,NA,NA
"913",2026-02-23,3,NA,4.71428571428571,NA,NA,NA
"914",2026-02-24,11,NA,4.71428571428571,10.2857142857143,NA,NA
"915",2026-02-24,5,NA,NA,NA,3.85714285714286,NA
"916",2026-02-24,1,NA,NA,NA,NA,1.57142857142857
"917",2026-02-24,277,226,NA,NA,NA,NA
"918",2026-02-25,13,NA,NA,10.5714285714286,NA,NA
"919",2026-02-25,8,NA,4.71428571428571,NA,4.14285714285714,NA
"920",2026-02-25,1,NA,NA,NA,NA,1.57142857142857
"921",2026-02-25,278,224.571428571429,NA,NA,NA,NA
"922",2026-02-26,14,NA,NA,12.1428571428571,NA,NA
"923",2026-02-26,1,NA,NA,NA,4.85714285714286,NA
"924",2026-02-26,3,NA,5,NA,NA,1.57142857142857
"925",2026-02-26,269,229.142857142857,NA,NA,NA,NA
"926",2026-02-27,18,NA,NA,12.2857142857143,NA,NA
"927",2026-02-27,7,NA,NA,NA,4.85714285714286,NA
"928",2026-02-27,2,NA,NA,NA,NA,1.57142857142857
"929",2026-02-27,217,229.428571428571,NA,NA,NA,NA
"930",2026-02-27,6,NA,5.71428571428571,NA,NA,NA
"931",2026-02-28,190,224.285714285714,NA,NA,NA,NA
"932",2026-02-28,1,NA,4.85714285714286,NA,NA,NA
"933",2026-03-01,4,NA,NA,12.8571428571429,NA,NA
"934",2026-03-01,149,222.285714285714,NA,NA,NA,NA
"935",2026-03-02,16,NA,NA,11.5714285714286,NA,NA
"936",2026-03-02,4,NA,NA,NA,4.57142857142857,NA
"937",2026-03-02,1,NA,NA,NA,NA,1.57142857142857
"938",2026-03-02,226,218,NA,NA,NA,NA
"939",2026-03-02,3,NA,4.42857142857143,NA,NA,NA
"940",2026-03-03,10,NA,NA,11,NA,NA
"941",2026-03-03,7,NA,NA,NA,4,NA
"942",2026-03-03,2,NA,NA,NA,NA,1.57142857142857
"943",2026-03-03,241,223.142857142857,NA,NA,NA,NA
"944",2026-03-03,8,NA,4.28571428571429,NA,NA,NA
"945",2026-03-04,15,NA,NA,8.85714285714286,NA,NA
"946",2026-03-04,2,NA,NA,NA,4,NA
"947",2026-03-04,1,NA,NA,NA,NA,1.42857142857143
"948",2026-03-04,264,224.571428571429,NA,NA,NA,NA
"949",2026-03-04,5,NA,3.57142857142857,NA,NA,NA
"950",2026-03-05,4,NA,NA,10.5714285714286,NA,NA
"951",2026-03-05,3,NA,NA,NA,4,NA
"952",2026-03-05,1,NA,NA,NA,NA,1.28571428571429
"953",2026-03-05,239,219.857142857143,NA,NA,NA,NA
"954",2026-03-05,5,NA,4.42857142857143,NA,NA,NA
"955",2026-03-06,10,NA,NA,11.2857142857143,NA,NA
"956",2026-03-06,4,NA,NA,NA,3.71428571428571,NA
"957",2026-03-06,1,NA,NA,NA,NA,0
"958",2026-03-06,253,215.857142857143,NA,NA,NA,NA
"959",2026-03-06,2,NA,6,NA,NA,NA
"960",2026-03-07,3,NA,NA,0,NA,NA
"961",2026-03-07,1,NA,0,NA,0,NA
"962",2026-03-07,200,214,NA,NA,NA,NA
"963",2026-03-08,116,176.428571428571,NA,NA,NA,NA
"964",2026-03-09,16,NA,NA,0,NA,NA
"965",2026-03-09,7,NA,0,NA,0,NA
"966",2026-03-09,2,NA,NA,NA,NA,0
"967",2026-03-09,198,0,NA,NA,NA,NA
"968",2026-03-10,21,NA,NA,0,NA,NA
"969",2026-03-10,2,NA,NA,NA,0,NA
"970",2026-03-10,1,NA,NA,NA,NA,0
"971",2026-03-10,228,0,NA,NA,NA,NA
"972",2026-03-10,14,NA,0,NA,NA,NA
"973",2026-09-17,1,0,NA,NA,NA,NA
